name,img
BMW M8,https://search.pstatic.net/common?type=b&size=600&quality=75&direct=true&ttype=input&src=https%3A%2F%2Fimgauto-phinf.pstatic.net%2F20220127_186%2Fauto_1643246489656oTBWc_PNG%2F20220127102119_1XpGlaP6.png
랜드로버 레인지로버 스포츠,https://search.pstatic.net/common?type=b&size=600&quality=75&direct=true&ttype=input&src=https%3A%2F%2Fimgauto-phinf.pstatic.net%2F20220919_177%2Fauto_1663558679988SCmlM_PNG%2F20220919123748_sD8Mo6mL.png
현대 투싼,https://search.pstatic.net/common?quality=75&direct=true&src=https%3A%2F%2Fimgauto-phinf.pstatic.net%2F20220713_146%2Fauto_1657679193245LyEdT_PNG%2F20220713112626_fqGe3rxX.png
포르쉐 911 카레라,https://search.pstatic.net/common?type=b&size=600&quality=75&direct=true&ttype=input&src=https%3A%2F%2Fimgauto-phinf.pstatic.net%2F20200225_297%2Fauto_15825964252154cXza_PNG%2F20200225110655_4a3g6s7n.png
KG 모빌리티 렉스턴 스포츠,https://search.pstatic.net/common?quality=75&direct=true&src=https%3A%2F%2Fimgauto-phinf.pstatic.net%2F20230515_116%2Fauto_1684115943112Vac2A_PNG%2F20230515105854_5jr0QUW2.png
제네시스 G90,https://search.pstatic.net/common?quality=75&direct=true&src=https%3A%2F%2Fimgauto-phinf.pstatic.net%2F20230324_59%2Fauto_1679619333537MQYu1_PNG%2F20230324095527_klZpxNGb.png
미니 해치백 SE,https://search.pstatic.net/common?type=b&size=600&quality=75&direct=true&ttype=input&src=https%3A%2F%2Fimgauto-phinf.pstatic.net%2F20230517_93%2Fauto_1684286082154tT4xK_PNG%2F20230517101432_aUOrRnpU.png
BMW 4시리즈,https://search.pstatic.net/common?type=b&size=600&quality=75&direct=true&ttype=input&src=https%3A%2F%2Fimgauto-phinf.pstatic.net%2F20230706_73%2Fauto_1688617501924wAnb2_PNG%2F20230706132447_WYwi9rLx.png
푸조 5008,https://search.pstatic.net/common?type=b&size=600&quality=75&direct=true&ttype=input&src=https%3A%2F%2Fimgauto-phinf.pstatic.net%2F20230106_169%2Fauto_1672980716367HKqQv_PNG%2F20230106135145_aPXEKCUi.png
BMW X3 M,https://search.pstatic.net/common?type=b&size=600&quality=75&direct=true&ttype=input&src=https%3A%2F%2Fimgauto-phinf.pstatic.net%2F20221122_238%2Fauto_1669100961199ntYes_PNG%2F20221122160913_2hlYLfvF.png
메르세데스-벤츠 AMG SL클래스,https://search.pstatic.net/common?type=b&size=600&quality=75&direct=true&ttype=input&src=https%3A%2F%2Fimgauto-phinf.pstatic.net%2F20230516_182%2Fauto_1684209286110jkgib_PNG%2F20230516125432_Bvf754GO.png
미니 컨트리맨,https://search.pstatic.net/common?type=b&size=600&quality=75&direct=true&ttype=input&src=https%3A%2F%2Fimgauto-phinf.pstatic.net%2F20230613_63%2Fauto_1686640892159tDu59_PNG%2F20230613162121_HPlYkwao.png
토요타 프리우스,https://search.pstatic.net/common?type=b&size=600&quality=75&direct=true&ttype=input&src=https%3A%2F%2Fimgauto-phinf.pstatic.net%2F20200310_87%2Fauto_1583806177755YYMms_PNG%2F20200310110924_xW5yO7up.png
링컨 노틸러스,https://search.pstatic.net/common?type=b&size=600&quality=75&direct=true&ttype=input&src=https%3A%2F%2Fimgauto-phinf.pstatic.net%2F20211101_84%2Fauto_1635737531178rIwkQ_PNG%2F20211101123157_DFfIy4aL.png
기아 EV9,https://search.pstatic.net/common?type=b&size=600&quality=75&direct=true&ttype=input&src=https%3A%2F%2Fimgauto-phinf.pstatic.net%2F20230315_288%2Fauto_1678843054845xlI7s_PNG%2F20230315101638_iN9HGdSo.png
토요타 크라운 크로스오버 하이브리드,https://search.pstatic.net/common?type=b&size=600&quality=75&direct=true&ttype=input&src=https%3A%2F%2Fimgauto-phinf.pstatic.net%2F20230605_179%2Fauto_1685929099751FNq3R_PNG%2F20230605103809_eiRPs2ym.png
BMW M3,https://search.pstatic.net/common?type=b&size=600&quality=75&direct=true&ttype=input&src=https%3A%2F%2Fimgauto-phinf.pstatic.net%2F20221122_56%2Fauto_166909914346080oIR_PNG%2F20221122153853_DckrtALZ.png
볼보 S60,https://search.pstatic.net/common?type=b&size=600&quality=75&direct=true&ttype=input&src=https%3A%2F%2Fimgauto-phinf.pstatic.net%2F20220926_256%2Fauto_1664182341594Ubk0E_PNG%2F20220926175214_x0oWxaNe.png
기아 K3,https://search.pstatic.net/common?quality=75&direct=true&src=https%3A%2F%2Fimgauto-phinf.pstatic.net%2F20220905_66%2Fauto_1662343137595foQ1N_PNG%2F20220905105852_uSB4wra0.png
토요타 라브4 플러그인 하이브리드,https://search.pstatic.net/common?type=b&size=600&quality=75&direct=true&ttype=input&src=https%3A%2F%2Fimgauto-phinf.pstatic.net%2F20230221_121%2Fauto_1676945006699qKcJ4_PNG%2F20230221110318_QSSJwkTo.png
토요타 프리우스 프라임,https://search.pstatic.net/common?type=b&size=600&quality=75&direct=true&ttype=input&src=https%3A%2F%2Fimgauto-phinf.pstatic.net%2F20200909_40%2Fauto_15996123876051VTne_PNG%2F20200909094614_BmKbsSGD.png
벤틀리 벤테이가,https://search.pstatic.net/common?type=b&size=600&quality=75&direct=true&ttype=input&src=https%3A%2F%2Fimgauto-phinf.pstatic.net%2F20230302_2%2Fauto_1677745673206QhxU2_PNG%2F20230302172751_NJ2ufai2.png
렉서스 NX 플러그인 하이브리드,https://search.pstatic.net/common?type=b&size=600&quality=75&direct=true&ttype=input&src=https%3A%2F%2Fimgauto-phinf.pstatic.net%2F20210614_294%2Fauto_16236566491052M2J3_PNG%2F20210614164355_aTw15Bsj.png
벤틀리 컨티넨탈 GT,https://search.pstatic.net/common?type=b&size=600&quality=75&direct=true&ttype=input&src=https%3A%2F%2Fimgauto-phinf.pstatic.net%2F20230302_110%2Fauto_1677745790170anBcf_PNG%2F20230302172948_Zpcosg7Q.png
캐딜락 CT5-V,https://search.pstatic.net/common?type=b&size=600&quality=75&direct=true&ttype=input&src=https%3A%2F%2Fimgauto-phinf.pstatic.net%2F20220302_176%2Fauto_1646193416217gw9hb_PNG%2F20220302125638_P5Bns7lR.png
제네시스 G70,https://search.pstatic.net/common?quality=75&direct=true&src=https%3A%2F%2Fimgauto-phinf.pstatic.net%2F20230519_235%2Fauto_1684457481962firw7_PNG%2F20230519095116_jn9DQVNw.png
메르세데스-벤츠 E클래스 플러그인 하이브리드,https://search.pstatic.net/common?type=b&size=600&quality=75&direct=true&ttype=input&src=https%3A%2F%2Fimgauto-phinf.pstatic.net%2F20220921_111%2Fauto_1663747834013fFRSu_PNG%2F20220921171021_3W10GuUg.png
아우디 Q8,https://search.pstatic.net/common?quality=75&direct=true&src=https%3A%2F%2Fimgauto-phinf.pstatic.net%2F20221108_28%2Fauto_16678771444327o0py_PNG%2F20221108121214_NWtYBenb.png
기아 쏘렌토 하이브리드,https://search.pstatic.net/common?type=b&size=600&quality=75&direct=true&ttype=input&src=https%3A%2F%2Fimgauto-phinf.pstatic.net%2F20220713_137%2Fauto_1657695734813lK7Un_PNG%2F20220713160201_nh29gjF1.png
BMW i7,https://search.pstatic.net/common?type=b&size=600&quality=75&direct=true&ttype=input&src=https%3A%2F%2Fimgauto-phinf.pstatic.net%2F20220421_164%2Fauto_1650506956018Kj9tL_PNG%2F20220421110901_dZ66GR5B.png
현대 아반떼 하이브리드,https://search.pstatic.net/common?quality=75&direct=true&src=https%3A%2F%2Fimgauto-phinf.pstatic.net%2F20230313_30%2Fauto_167867477347982Ncv_PNG%2F20230313113246_ooAshvPx.png
KG 모빌리티 티볼리,https://search.pstatic.net/common?type=b&size=600&quality=75&direct=true&ttype=input&src=https%3A%2F%2Fimgauto-phinf.pstatic.net%2F20230601_1%2Fauto_1685582924851ArG94_PNG%2F20230601102837_PRlHuhFR.png
BMW X5 플러그인 하이브리드,https://search.pstatic.net/common?type=b&size=600&quality=75&direct=true&ttype=input&src=https%3A%2F%2Fimgauto-phinf.pstatic.net%2F20230208_142%2Fauto_1675827636913v5AY4_PNG%2F20230208124016_ylduoL8P.png
메르세데스-벤츠 EQS,https://search.pstatic.net/common?type=b&size=600&quality=75&direct=true&ttype=input&src=https%3A%2F%2Fimgauto-phinf.pstatic.net%2F20221123_175%2Fauto_1669188441720vyAm0_PNG%2F20221123162709_pPcRP9DR.png
현대 아이오닉 5,https://search.pstatic.net/common?quality=75&direct=true&src=https%3A%2F%2Fimgauto-phinf.pstatic.net%2F20220715_14%2Fauto_1657847832074QT7v5_PNG%2F20220715101707_dCVTZ6yI.png
메르세데스-벤츠 AMG E클래스 쿠페,https://search.pstatic.net/common?type=b&size=600&quality=75&direct=true&ttype=input&src=https%3A%2F%2Fimgauto-phinf.pstatic.net%2F20220922_291%2Fauto_1663820409357iXJMX_PNG%2F20220922131955_RbKHPDL3.png
BMW i4 M 그란쿠페,https://search.pstatic.net/common?type=b&size=600&quality=75&direct=true&ttype=input&src=https%3A%2F%2Fimgauto-phinf.pstatic.net%2F20230706_57%2Fauto_1688617993352PbRv1_PNG%2F20230706133301_mPPFholE.png
지프 랭글러,https://search.pstatic.net/common?type=b&size=600&quality=75&direct=true&ttype=input&src=https%3A%2F%2Fimgauto-phinf.pstatic.net%2F20230210_179%2Fauto_167600723201414meH_PNG%2F20230210143341_04lp2qRO.png
BMW 3시리즈 플러그인 하이브리드,https://search.pstatic.net/common?type=b&size=600&quality=75&direct=true&ttype=input&src=https%3A%2F%2Fimgauto-phinf.pstatic.net%2F20220518_114%2Fauto_1652854321331z8XlI_PNG%2F20220518151145_GYqfsgtm.png
BMW M4 컨버터블,https://search.pstatic.net/common?type=b&size=600&quality=75&direct=true&ttype=input&src=https%3A%2F%2Fimgauto-phinf.pstatic.net%2F20230706_113%2Fauto_1688618351124vRO1B_PNG%2F20230706133900_8y9J7OZZ.png
페라리 포르토피노,https://search.pstatic.net/common?quality=75&direct=true&src=https%3A%2F%2Fimgauto-phinf.pstatic.net%2F20180622_5%2Fauto_15296330997064k9CS_PNG%2F20180622110451_J0Gwoi0D.png
미니 해치백,https://search.pstatic.net/common?type=b&size=600&quality=75&direct=true&ttype=input&src=https%3A%2F%2Fimgauto-phinf.pstatic.net%2F20230613_59%2Fauto_16866414333940SsDI_PNG%2F20230613163026_s5nj4t6R.png
롤스로이스 컬리넌,https://search.pstatic.net/common?type=b&size=600&quality=75&direct=true&ttype=input&src=https%3A%2F%2Fimgauto-phinf.pstatic.net%2F20200904_160%2Fauto_1599199337795HklQv_PNG%2F20200904150215_0YYl4f1L.png
아우디 A4,https://search.pstatic.net/common?quality=75&direct=true&src=https%3A%2F%2Fimgauto-phinf.pstatic.net%2F20221020_276%2Fauto_1666253365838lw7e8_PNG%2F20221020170919_lV1OQF5e.png
롤스로이스 팬텀 EWB,https://search.pstatic.net/common?type=b&size=600&quality=75&direct=true&ttype=input&src=https%3A%2F%2Fimgauto-phinf.pstatic.net%2F20221125_226%2Fauto_1669345402129w6gfg_PNG%2F20221125120309_bJ0DKaXr.png
기아 스포티지 하이브리드,https://search.pstatic.net/common?type=b&size=600&quality=75&direct=true&ttype=input&src=https%3A%2F%2Fimgauto-phinf.pstatic.net%2F20220726_142%2Fauto_1658803314002tax4I_PNG%2F20220726114139_t1ojRKBy.png
BMW M3 투어링,https://search.pstatic.net/common?type=b&size=600&quality=75&direct=true&ttype=input&src=https%3A%2F%2Fimgauto-phinf.pstatic.net%2F20230309_98%2Fauto_16783304904949AdCa_PNG%2F20230309115440_p5UVHVAu.png
폭스바겐 골프 GTI,https://search.pstatic.net/common?type=b&size=600&quality=75&direct=true&ttype=input&src=https%3A%2F%2Fimgauto-phinf.pstatic.net%2F20221215_9%2Fauto_1671066673583UltC4_PNG%2F20221215101104_AeCKVute.png
현대 넥쏘,https://search.pstatic.net/common?quality=75&direct=true&src=https%3A%2F%2Fimgauto-phinf.pstatic.net%2F20230609_28%2Fauto_1686271870163pvKPM_PNG%2F20230609095104_DfjWzoU4.png
롤스로이스 고스트 블랙배지,https://search.pstatic.net/common?type=b&size=600&quality=75&direct=true&ttype=input&src=https%3A%2F%2Fimgauto-phinf.pstatic.net%2F20211101_113%2Fauto_16357484159379YW77_PNG%2F20211101153324_BzGM0i3C.png
아우디 S5,https://search.pstatic.net/common?quality=75&direct=true&src=https%3A%2F%2Fimgauto-phinf.pstatic.net%2F20221011_199%2Fauto_16654568849535odmx_PNG%2F20221011115438_f7S9Pdmg.png
테슬라 모델3,https://search.pstatic.net/common?type=b&size=600&quality=75&direct=true&ttype=input&src=https%3A%2F%2Fimgauto-phinf.pstatic.net%2F20230109_137%2Fauto_1673228022631WVIcJ_PNG%2F20230109103328_X2IV3rEI.png
캐딜락 CT4,https://search.pstatic.net/common?type=b&size=600&quality=75&direct=true&ttype=input&src=https%3A%2F%2Fimgauto-phinf.pstatic.net%2F20220120_145%2Fauto_1642661773571bUUvF_PNG%2F20220120155558_odevT2Ni.png
쉐보레 볼트 EV,https://search.pstatic.net/common?type=b&size=600&quality=75&direct=true&ttype=input&src=https%3A%2F%2Fimgauto-phinf.pstatic.net%2F20220823_285%2Fauto_1661228159161KSfYz_PNG%2F20220823131548_i3lQogBs.png
테슬라 모델X,https://search.pstatic.net/common?type=b&size=600&quality=75&direct=true&ttype=input&src=https%3A%2F%2Fimgauto-phinf.pstatic.net%2F20230330_81%2Fauto_1680138690740Su90n_PNG%2F20230330101120_0Zk5RDxN.png
포드 익스플로러 하이브리드,https://search.pstatic.net/common?type=b&size=600&quality=75&direct=true&ttype=input&src=https%3A%2F%2Fimgauto-phinf.pstatic.net%2F20230707_185%2Fauto_1688700780910FcilA_PNG%2F20230707123247_GPJUj7Sa.png
기아 EV6 GT,https://search.pstatic.net/common?quality=75&direct=true&src=https%3A%2F%2Fimgauto-phinf.pstatic.net%2F20221116_241%2Fauto_1668575274150gspJf_PNG%2F20221116140747_DjwHOaZ5.png
테슬라 모델Y,https://search.pstatic.net/common?type=b&size=600&quality=75&direct=true&ttype=input&src=https%3A%2F%2Fimgauto-phinf.pstatic.net%2F20230109_121%2Fauto_1673228371751gotmz_PNG%2F20230109103918_LQkrTpL0.png
포르쉐 카이엔 E-하이브리드 쿠페,https://search.pstatic.net/common?type=b&size=600&quality=75&direct=true&ttype=input&src=https%3A%2F%2Fimgauto-phinf.pstatic.net%2F20220712_52%2Fauto_1657592866600a8C4k_PNG%2F20220712112738_wVnAbAoZ.png
레디컬 SR10,https://search.pstatic.net/common?type=b&size=600&quality=75&direct=true&ttype=input&src=https%3A%2F%2Fimgauto-phinf.pstatic.net%2F20211027_3%2Fauto_1635323287999Tq18d_PNG%2F20211027172755_THTzK5Qc.png
르노코리아 QM6,https://search.pstatic.net/common?quality=75&direct=true&src=https%3A%2F%2Fimgauto-phinf.pstatic.net%2F20230321_96%2Fauto_1679359218502aDDDu_PNG%2F20230321094012_SKGe5Rdn.png
포르쉐 파나메라 GTS,https://search.pstatic.net/common?type=b&size=600&quality=75&direct=true&ttype=input&src=https%3A%2F%2Fimgauto-phinf.pstatic.net%2F20220623_39%2Fauto_1655948123849KjNIC_PNG%2F20220623103512_FmRJH7n0.png
현대 그랜저,https://search.pstatic.net/common?quality=75&direct=true&src=https%3A%2F%2Fimgauto-phinf.pstatic.net%2F20221114_189%2Fauto_1668400192938l7vy5_PNG%2F20221114132945_4LHK1UyH.png
아우디 Q5,https://search.pstatic.net/common?quality=75&direct=true&src=https%3A%2F%2Fimgauto-phinf.pstatic.net%2F20221011_285%2Fauto_1665457002245bUB5T_PNG%2F20221011115636_AEGZHc32.png
랜드로버 레인지로버 이보크,https://search.pstatic.net/common?type=b&size=600&quality=75&direct=true&ttype=input&src=https%3A%2F%2Fimgauto-phinf.pstatic.net%2F20220927_148%2Fauto_1664252468229X9MTS_PNG%2F20220927132052_DjJam9lP.png
캠시스 CEVO-C SE,https://search.pstatic.net/common?quality=75&direct=true&src=https%3A%2F%2Fimgauto-phinf.pstatic.net%2F20220608_88%2Fauto_16546754177595F43i_PNG%2F20220608170331_wOF9t0DO.png
아우디 Q3 스포트백,https://search.pstatic.net/common?quality=75&direct=true&src=https%3A%2F%2Fimgauto-phinf.pstatic.net%2F20221011_196%2Fauto_1665456974453aQSkB_PNG%2F20221011115606_V1dKilZK.png
아우디 Q5 스포트백,https://search.pstatic.net/common?type=b&size=600&quality=75&direct=true&ttype=input&src=https%3A%2F%2Fimgauto-phinf.pstatic.net%2F20221011_50%2Fauto_1665464175967A0QCb_PNG%2F20221011135606_e9SUoMTB.png
미니 클럽맨 S,https://search.pstatic.net/common?type=b&size=600&quality=75&direct=true&ttype=input&src=https%3A%2F%2Fimgauto-phinf.pstatic.net%2F20230613_127%2Fauto_1686641325877yjgUd_PNG%2F20230613162838_VNlwMw3R.png
기아 카니발 하이리무진,https://search.pstatic.net/common?type=b&size=600&quality=75&direct=true&ttype=input&src=https%3A%2F%2Fimgauto-phinf.pstatic.net%2F20210712_96%2Fauto_1626063328412Jvjh6_PNG%2F20210712131517_M0zcDdvE.png
마세라티 MC20 첼로,https://search.pstatic.net/common?type=b&size=600&quality=75&direct=true&ttype=input&src=https%3A%2F%2Fimgauto-phinf.pstatic.net%2F20230404_118%2Fauto_168057189021514U8I_PNG%2F20230404103115_yaTzIwh3.png
랜드로버 디펜더 90,https://search.pstatic.net/common?type=b&size=600&quality=75&direct=true&ttype=input&src=https%3A%2F%2Fimgauto-phinf.pstatic.net%2F20230306_56%2Fauto_1678090777871UK0fW_PNG%2F20230306171936_rKcwpr1m.png
아우디 e-트론 S 스포트백,https://search.pstatic.net/common?type=b&size=600&quality=75&direct=true&ttype=input&src=https%3A%2F%2Fimgauto-phinf.pstatic.net%2F20230126_189%2Fauto_16747151651025cooj_PNG%2F20230126153915_OfmWpJp2.png
렉서스 LC 하이브리드,https://search.pstatic.net/common?type=b&size=600&quality=75&direct=true&ttype=input&src=https%3A%2F%2Fimgauto-phinf.pstatic.net%2F20221230_218%2Fauto_1672370522641n9f2c_PNG%2F20221230122149_ETF7vALr.png
포르쉐 카이엔 E-하이브리드,https://search.pstatic.net/common?type=b&size=600&quality=75&direct=true&ttype=input&src=https%3A%2F%2Fimgauto-phinf.pstatic.net%2F20220712_287%2Fauto_1657592595051WOQBi_PNG%2F20220712112304_5pTqS4WJ.png
애스턴마틴 DBX707,https://search.pstatic.net/common?type=b&size=600&quality=75&direct=true&ttype=input&src=https%3A%2F%2Fimgauto-phinf.pstatic.net%2F20220203_109%2Fauto_1643861221351aydHb_PNG%2F20220203130633_NLTzNUAQ.png
테슬라 모델S,https://search.pstatic.net/common?type=b&size=600&quality=75&direct=true&ttype=input&src=https%3A%2F%2Fimgauto-phinf.pstatic.net%2F20230330_249%2Fauto_1680139304460ifqWa_PNG%2F20230330102135_lxYWdtpW.png
시트로엥 C5 에어크로스,https://search.pstatic.net/common?type=b&size=600&quality=75&direct=true&ttype=input&src=https%3A%2F%2Fimgauto-phinf.pstatic.net%2F20210127_168%2Fauto_1611733961547h75ui_PNG%2F20210127165222_dbsw6Gcy.png
메르세데스-벤츠 EQS SUV,https://search.pstatic.net/common?type=b&size=600&quality=75&direct=true&ttype=input&src=https%3A%2F%2Fimgauto-phinf.pstatic.net%2F20230131_197%2Fauto_1675130342698eKyOP_PNG%2F20230131105852_lQNWB7kb.png
기아 봉고3 EV,https://search.pstatic.net/common?type=b&size=600&quality=75&direct=true&ttype=input&src=https%3A%2F%2Fimgauto-phinf.pstatic.net%2F20230228_275%2Fauto_16775491522845rGY2_PNG%2F20230228105223_I6Sgh56k.png
볼보 C40 리차지,https://search.pstatic.net/common?type=b&size=600&quality=75&direct=true&ttype=input&src=https%3A%2F%2Fimgauto-phinf.pstatic.net%2F20220823_62%2Fauto_1661229205936LSiel_PNG%2F20220823133308_UBFMoD4z.png
폭스바겐 파사트 GT,https://search.pstatic.net/common?type=b&size=600&quality=75&direct=true&ttype=input&src=https%3A%2F%2Fimgauto-phinf.pstatic.net%2F20220112_82%2Fauto_1641962434084A97aH_PNG%2F20220112134021_D9OoC7Fw.png
메르세데스-벤츠 AMG GT,https://search.pstatic.net/common?type=b&size=600&quality=75&direct=true&ttype=input&src=https%3A%2F%2Fimgauto-phinf.pstatic.net%2F20201019_87%2Fauto_1603076506028VWHwS_PNG%2F20201019120137_T9XIDp7H.png
현대 그랜저 하이브리드,https://search.pstatic.net/common?quality=75&direct=true&src=https%3A%2F%2Fimgauto-phinf.pstatic.net%2F20221114_261%2Fauto_1668400221511dqfCh_PNG%2F20221114133014_T3cA275L.png
시트로엥 C3 에어크로스,https://search.pstatic.net/common?type=b&size=600&quality=75&direct=true&ttype=input&src=https%3A%2F%2Fimgauto-phinf.pstatic.net%2F20210127_76%2Fauto_1611733331825MAwb3_PNG%2F20210127164154_Tp6iLREG.png
쉐보레 콜로라도,https://search.pstatic.net/common?type=b&size=600&quality=75&direct=true&ttype=input&src=https%3A%2F%2Fimgauto-phinf.pstatic.net%2F20221206_231%2Fauto_1670316875549d2Pk2_PNG%2F20221206175426_D8EaNW3m.png
볼보 XC40,https://search.pstatic.net/common?type=b&size=600&quality=75&direct=true&ttype=input&src=https%3A%2F%2Fimgauto-phinf.pstatic.net%2F20220901_224%2Fauto_1661994062069RS6GD_PNG%2F20220901100100_DW316jWW.png
페라리 푸로산게,https://search.pstatic.net/common?type=b&size=600&quality=75&direct=true&ttype=input&src=https%3A%2F%2Fimgauto-phinf.pstatic.net%2F20220914_202%2Fauto_1663119551909zDyvG_PNG%2F20220914103902_mgRgKrBG.png
기아 니로 EV,https://search.pstatic.net/common?quality=75&direct=true&src=https%3A%2F%2Fimgauto-phinf.pstatic.net%2F20230201_264%2Fauto_167521556121166rN8_PNG%2F20230201103913_5mftPLRf.png
지프 그랜드 체로키 4XE,https://search.pstatic.net/common?type=b&size=600&quality=75&direct=true&ttype=input&src=https%3A%2F%2Fimgauto-phinf.pstatic.net%2F20221123_268%2Fauto_1669181527587ooqg0_PNG%2F20221123143157_qPsubW7l.png
렉서스 UX F 스포츠 하이브리드,https://search.pstatic.net/common?type=b&size=600&quality=75&direct=true&ttype=input&src=https%3A%2F%2Fimgauto-phinf.pstatic.net%2F20220516_136%2Fauto_1652673022406luw9O_PNG%2F20220516125005_ISER3lKF.png
애스턴마틴 DBX,https://search.pstatic.net/common?type=b&size=600&quality=75&direct=true&ttype=input&src=https%3A%2F%2Fimgauto-phinf.pstatic.net%2F20191120_200%2Fauto_1574227715020cBrJu_PNG%2F20191120142814_nCwgUnMj.png
BMW X6,https://search.pstatic.net/common?type=b&size=600&quality=75&direct=true&ttype=input&src=https%3A%2F%2Fimgauto-phinf.pstatic.net%2F20230208_251%2Fauto_1675829435755YnOrf_PNG%2F20230208131025_SbHTNnqA.png
아우디 A7 플러그인 하이브리드,https://search.pstatic.net/common?type=b&size=600&quality=75&direct=true&ttype=input&src=https%3A%2F%2Fimgauto-phinf.pstatic.net%2F20230706_73%2Fauto_1688623628516JSTGG_PNG%2F20230706150659_dC2QuIy7.png
렉서스 LC,https://search.pstatic.net/common?type=b&size=600&quality=75&direct=true&ttype=input&src=https%3A%2F%2Fimgauto-phinf.pstatic.net%2F20221230_149%2Fauto_16723693485888EynM_PNG%2F20221230120218_GTaivaXY.png
아우디 S4,https://search.pstatic.net/common?quality=75&direct=true&src=https%3A%2F%2Fimgauto-phinf.pstatic.net%2F20221020_52%2Fauto_1666253402682QToCK_PNG%2F20221020170955_3B2gsPPA.png
렉서스 RX 하이브리드,https://search.pstatic.net/common?type=b&size=600&quality=75&direct=true&ttype=input&src=https%3A%2F%2Fimgauto-phinf.pstatic.net%2F20230621_139%2Fauto_1687312709448e14KV_PNG%2F20230621105818_9Eo1YPji.png
제네시스 G70 슈팅브레이크,https://search.pstatic.net/common?quality=75&direct=true&src=https%3A%2F%2Fimgauto-phinf.pstatic.net%2F20230519_170%2Fauto_16844575065770PIyi_PNG%2F20230519095140_VMVHOh0F.png
메르세데스-벤츠 AMG GLE클래스,https://search.pstatic.net/common?type=b&size=600&quality=75&direct=true&ttype=input&src=https%3A%2F%2Fimgauto-phinf.pstatic.net%2F20220922_254%2Fauto_166381886125369mur_PNG%2F20220922125408_YkTnH3ts.png
메르세데스-벤츠 AMG CLS클래스,https://search.pstatic.net/common?type=b&size=600&quality=75&direct=true&ttype=input&src=https%3A%2F%2Fimgauto-phinf.pstatic.net%2F20220922_192%2Fauto_1663822766042OJs0H_PNG%2F20220922135913_GlSrvz3n.png
랜드로버 디스커버리 스포츠,https://search.pstatic.net/common?type=b&size=600&quality=75&direct=true&ttype=input&src=https%3A%2F%2Fimgauto-phinf.pstatic.net%2F20221020_109%2Fauto_1666246199040K3szn_PNG%2F20221020150947_yO29OfXB.png
기아 K9,https://search.pstatic.net/common?quality=75&direct=true&src=https%3A%2F%2Fimgauto-phinf.pstatic.net%2F20221011_15%2Fauto_1665456675271EBD1f_PNG%2F20221011115108_fdoc64mF.png
BMW M4,https://search.pstatic.net/common?type=b&size=600&quality=75&direct=true&ttype=input&src=https%3A%2F%2Fimgauto-phinf.pstatic.net%2F20230706_277%2Fauto_1688618230738nfPNc_PNG%2F20230706133702_xCMNRSON.png
캐딜락 XT4,https://search.pstatic.net/common?type=b&size=600&quality=75&direct=true&ttype=input&src=https%3A%2F%2Fimgauto-phinf.pstatic.net%2F20221021_150%2Fauto_1666319741585ouQQd_PNG%2F20221021113531_jZxn1YXY.png
기아 K5 하이브리드,https://search.pstatic.net/common?type=b&size=600&quality=75&direct=true&ttype=input&src=https%3A%2F%2Fimgauto-phinf.pstatic.net%2F20220719_37%2Fauto_1658197111663BSFF4_PNG%2F20220719111821_H19XxUrn.png
BMW 8시리즈 그란쿠페,https://search.pstatic.net/common?type=b&size=600&quality=75&direct=true&ttype=input&src=https%3A%2F%2Fimgauto-phinf.pstatic.net%2F20220127_48%2Fauto_16432458324359kOaS_PNG%2F20220127101021_HqUKp8xK.png
디피코 포트로 EV 탑,https://search.pstatic.net/common?type=b&size=600&quality=75&direct=true&ttype=input&src=https%3A%2F%2Fimgauto-phinf.pstatic.net%2F20220317_2%2Fauto_1647496777245rnaDj_PNG%2F20220317145925_DZHfDk6h.png
폭스바겐 티록,https://search.pstatic.net/common?type=b&size=600&quality=75&direct=true&ttype=input&src=https%3A%2F%2Fimgauto-phinf.pstatic.net%2F20211102_49%2Fauto_1635815547488HLAPp_PNG%2F20211102101213_t3QRVEPw.png
DS 3 크로스백 E-텐스,https://search.pstatic.net/common?type=b&size=600&quality=75&direct=true&ttype=input&src=https%3A%2F%2Fimgauto-phinf.pstatic.net%2F20210127_260%2Fauto_1611732778590mL8Ca_PNG%2F20210127163242_u1vqfXHS.png
렉서스 NX 하이브리드,https://search.pstatic.net/common?type=b&size=600&quality=75&direct=true&ttype=input&src=https%3A%2F%2Fimgauto-phinf.pstatic.net%2F20210614_50%2Fauto_1623655796644yX19T_PNG%2F20210614162944_FTO7E25z.png
제네시스 G80,https://search.pstatic.net/common?quality=75&direct=true&src=https%3A%2F%2Fimgauto-phinf.pstatic.net%2F20221025_191%2Fauto_1666672524913fWGT5_PNG%2F20221025133519_GnMBF5fC.png
아우디 RS6 아반트,https://search.pstatic.net/common?type=b&size=600&quality=75&direct=true&ttype=input&src=https%3A%2F%2Fimgauto-phinf.pstatic.net%2F20221229_1%2Fauto_1672274906157M6lpl_PNG%2F20221229094813_5wJmgESm.png
KG 모빌리티 렉스턴 스포츠 칸,https://search.pstatic.net/common?quality=75&direct=true&src=https%3A%2F%2Fimgauto-phinf.pstatic.net%2F20230515_222%2Fauto_168411597294610KEt_PNG%2F20230515105926_jA89YhYx.png
폭스바겐 제타,https://search.pstatic.net/common?type=b&size=600&quality=75&direct=true&ttype=input&src=https%3A%2F%2Fimgauto-phinf.pstatic.net%2F20221014_152%2Fauto_1665712084365LdiSd_PNG%2F20221014104751_TUfv0YWm.png
르노코리아 SM6,https://search.pstatic.net/common?quality=75&direct=true&src=https%3A%2F%2Fimgauto-phinf.pstatic.net%2F20230406_254%2Fauto_1680751118689Lj8GS_PNG%2F20230406121833_B8m0T40a.png
포르쉐 911 타르가 GTS,https://search.pstatic.net/common?type=b&size=600&quality=75&direct=true&ttype=input&src=https%3A%2F%2Fimgauto-phinf.pstatic.net%2F20211220_98%2Fauto_1639968538605L3oHu_PNG%2F20211220114844_fYp66PZg.png
볼보 V60 크로스 컨트리,https://search.pstatic.net/common?type=b&size=600&quality=75&direct=true&ttype=input&src=https%3A%2F%2Fimgauto-phinf.pstatic.net%2F20220926_147%2Fauto_1664182791728h0YDe_PNG%2F20220926175941_PUU7n6B3.png
푸조 308,https://search.pstatic.net/common?type=b&size=600&quality=75&direct=true&ttype=input&src=https%3A%2F%2Fimgauto-phinf.pstatic.net%2F20230106_31%2Fauto_1672980368480vU4AG_PNG%2F20230106134558_vMRMl8yi.png
캐딜락 에스컬레이드,https://search.pstatic.net/common?type=b&size=600&quality=75&direct=true&ttype=input&src=https%3A%2F%2Fimgauto-phinf.pstatic.net%2F20221117_294%2Fauto_16686587701362gz4D_PNG%2F20221117131921_prRhZqTl.png
메르세데스-벤츠 AMG EQS,https://search.pstatic.net/common?type=b&size=600&quality=75&direct=true&ttype=input&src=https%3A%2F%2Fimgauto-phinf.pstatic.net%2F20221110_253%2Fauto_16680456381140idKi_PNG%2F20221110110029_iKwcR2LO.png
메르세데스-벤츠 CLA클래스,https://search.pstatic.net/common?type=b&size=600&quality=75&direct=true&ttype=input&src=https%3A%2F%2Fimgauto-phinf.pstatic.net%2F20220921_170%2Fauto_1663744993419zqcfF_PNG%2F20220921162258_5DFdsNqH.png
아우디 RS e-트론 GT,https://search.pstatic.net/common?type=b&size=600&quality=75&direct=true&ttype=input&src=https%3A%2F%2Fimgauto-phinf.pstatic.net%2F20211220_21%2Fauto_1639966458454vovwl_PNG%2F20211220111403_HkPF6tKF.png
롤스로이스 고스트,https://search.pstatic.net/common?type=b&size=600&quality=75&direct=true&ttype=input&src=https%3A%2F%2Fimgauto-phinf.pstatic.net%2F20200907_93%2Fauto_1599449881946XI0v0_PNG%2F20200907123752_aD2TePUk.png
쉐보레 트래버스,https://search.pstatic.net/common?type=b&size=600&quality=75&direct=true&ttype=input&src=https%3A%2F%2Fimgauto-phinf.pstatic.net%2F20220919_63%2Fauto_1663560413578bItjk_PNG%2F20220919130643_jR52WpAJ.png
혼다 오딧세이,https://search.pstatic.net/common?type=b&size=600&quality=75&direct=true&ttype=input&src=https%3A%2F%2Fimgauto-phinf.pstatic.net%2F20230627_54%2Fauto_1687856275659iR8Sm_PNG%2F20230627175716_aKvNGGBr.png
아우디 SQ5,https://search.pstatic.net/common?type=b&size=600&quality=75&direct=true&ttype=input&src=https%3A%2F%2Fimgauto-phinf.pstatic.net%2F20230126_258%2Fauto_1674716259544EW6rz_PNG%2F20230126155728_ZjUZ5DjQ.png
아우디 S5 스포트백,https://search.pstatic.net/common?quality=75&direct=true&src=https%3A%2F%2Fimgauto-phinf.pstatic.net%2F20221011_267%2Fauto_16654569124598RltI_PNG%2F20221011115506_onIaYJDB.png
포르쉐 카이맨,https://search.pstatic.net/common?type=b&size=600&quality=75&direct=true&ttype=input&src=https%3A%2F%2Fimgauto-phinf.pstatic.net%2F20180213_112%2Fauto_1518509532983im6GN_PNG%2F20180213171201_guRhskUK.png
맥라렌 아투라,https://search.pstatic.net/common?type=b&size=600&quality=75&direct=true&ttype=input&src=https%3A%2F%2Fimgauto-phinf.pstatic.net%2F20210217_89%2Fauto_1613527734489mBpm1_PNG%2F20210217110839_27JS4TPx.png
대창모터스 다니고 C,https://search.pstatic.net/common?type=b&size=600&quality=75&direct=true&ttype=input&src=https%3A%2F%2Fimgauto-phinf.pstatic.net%2F20230126_132%2Fauto_1674712848917Vdzpl_PNG%2F20230126150036_KYrPbKvH.png
포드 익스페디션,https://search.pstatic.net/common?type=b&size=600&quality=75&direct=true&ttype=input&src=https%3A%2F%2Fimgauto-phinf.pstatic.net%2F20230707_27%2Fauto_1688701026454lPjQn_PNG%2F20230707123653_Di9bQKO2.png
토요타 캠리 하이브리드,https://search.pstatic.net/common?type=b&size=600&quality=75&direct=true&ttype=input&src=https%3A%2F%2Fimgauto-phinf.pstatic.net%2F20230126_113%2Fauto_1674703010903KsogS_PNG%2F20230126121641_fKkZa9DW.png
포르쉐 파나메라,https://search.pstatic.net/common?type=b&size=600&quality=75&direct=true&ttype=input&src=https%3A%2F%2Fimgauto-phinf.pstatic.net%2F20220623_38%2Fauto_1655947924650Khf84_PNG%2F20220623103153_8IaqaUpv.png
애스턴마틴 DB11 볼란테,https://search.pstatic.net/common?type=b&size=600&quality=75&direct=true&ttype=input&src=https%3A%2F%2Fimgauto-phinf.pstatic.net%2F20220128_93%2Fauto_1643353041904vdmcd_PNG%2F20220128155709_SpOvVlPs.png
푸조 2008,https://search.pstatic.net/common?type=b&size=600&quality=75&direct=true&ttype=input&src=https%3A%2F%2Fimgauto-phinf.pstatic.net%2F20220718_237%2Fauto_1658110972689LW2dQ_PNG%2F20220718112241_SqMBtLk5.png
혼다 CR-V,https://search.pstatic.net/common?type=b&size=600&quality=75&direct=true&ttype=input&src=https%3A%2F%2Fimgauto-phinf.pstatic.net%2F20230411_144%2Fauto_16811815531499IxXl_PNG%2F20230411115231_sARKmJ28.png
메르세데스-벤츠 E클래스 쿠페,https://search.pstatic.net/common?type=b&size=600&quality=75&direct=true&ttype=input&src=https%3A%2F%2Fimgauto-phinf.pstatic.net%2F20220922_176%2Fauto_1663820022738IrKtk_PNG%2F20220922131332_BlGwqn9t.png
BMW 2시리즈,https://search.pstatic.net/common?type=b&size=600&quality=75&direct=true&ttype=input&src=https%3A%2F%2Fimgauto-phinf.pstatic.net%2F20220413_262%2Fauto_16498211448416HmLw_PNG%2F20220413123856_RPY3nius.png
현대 아이오닉 6,https://search.pstatic.net/common?quality=75&direct=true&src=https%3A%2F%2Fimgauto-phinf.pstatic.net%2F20220919_9%2Fauto_1663551420398OPsYG_PNG%2F20220919103653_dC8Lhr7U.png
동풍소콘 펜곤 ix5,https://search.pstatic.net/common?type=b&size=600&quality=75&direct=true&ttype=input&src=https%3A%2F%2Fimgauto-phinf.pstatic.net%2F20191004_60%2Fauto_15701612805014klUm_PNG%2F20191004125425_UYB1Ea5L.png
기아 K5,https://search.pstatic.net/common?quality=75&direct=true&src=https%3A%2F%2Fimgauto-phinf.pstatic.net%2F20220719_9%2Fauto_1658193856087cjjf5_PNG%2F20220719102409_YxSOOuOZ.png
토요타 라브4 하이브리드,https://search.pstatic.net/common?type=b&size=600&quality=75&direct=true&ttype=input&src=https%3A%2F%2Fimgauto-phinf.pstatic.net%2F20230221_246%2Fauto_1676941134693wczy6_PNG%2F20230221095841_Lccxdp2L.png
폭스바겐 티구안,https://search.pstatic.net/common?type=b&size=600&quality=75&direct=true&ttype=input&src=https%3A%2F%2Fimgauto-phinf.pstatic.net%2F20210722_5%2Fauto_1626934275445KiWg8_PNG%2F20210722151102_qF7aGi4v.png
제네시스 G90 LWB,https://search.pstatic.net/common?quality=75&direct=true&src=https%3A%2F%2Fimgauto-phinf.pstatic.net%2F20230324_167%2Fauto_1679619388256DQvDm_PNG%2F20230324095621_GdFV7gBX.png
미니 컨버터블 JCW,https://search.pstatic.net/common?type=b&size=600&quality=75&direct=true&ttype=input&src=https%3A%2F%2Fimgauto-phinf.pstatic.net%2F20230613_204%2Fauto_1686640589693zqBH0_PNG%2F20230613161621_LCi7f0Oa.png
마세라티 그레칼레,https://search.pstatic.net/common?type=b&size=600&quality=75&direct=true&ttype=input&src=https%3A%2F%2Fimgauto-phinf.pstatic.net%2F20221117_173%2Fauto_1668654351125MbyRT_PNG%2F20221117120541_kka19Vvs.png
포르쉐 타이칸 GTS,https://search.pstatic.net/common?type=b&size=600&quality=75&direct=true&ttype=input&src=https%3A%2F%2Fimgauto-phinf.pstatic.net%2F20220707_93%2Fauto_1657154252364qU58P_PNG%2F20220707093720_s39RRXnC.png
KG 모빌리티 티볼리 에어,https://search.pstatic.net/common?type=b&size=600&quality=75&direct=true&ttype=input&src=https%3A%2F%2Fimgauto-phinf.pstatic.net%2F20230601_154%2Fauto_1685585503161yAJHO_PNG%2F20230601111135_2mM6KkxI.png
메르세데스-벤츠 GLE 쿠페,https://search.pstatic.net/common?type=b&size=600&quality=75&direct=true&ttype=input&src=https%3A%2F%2Fimgauto-phinf.pstatic.net%2F20220922_193%2Fauto_1663821953899XGzEG_PNG%2F20220922134543_isTtw29B.png
메르세데스-벤츠 GLB클래스,https://search.pstatic.net/common?type=b&size=600&quality=75&direct=true&ttype=input&src=https%3A%2F%2Fimgauto-phinf.pstatic.net%2F20220922_256%2Fauto_1663817947144AA03w_PNG%2F20220922123854_HO9vmRrx.png
BMW M5,https://search.pstatic.net/common?type=b&size=600&quality=75&direct=true&ttype=input&src=https%3A%2F%2Fimgauto-phinf.pstatic.net%2F20221122_276%2Fauto_1669099925366lgT81_PNG%2F20221122155156_tZ9JHHK8.png
랜드로버 레인지로버 LWB,https://search.pstatic.net/common?type=b&size=600&quality=75&direct=true&ttype=input&src=https%3A%2F%2Fimgauto-phinf.pstatic.net%2F20220823_162%2Fauto_1661227171602xvrzh_PNG%2F20220823125922_Mitrwxj5.png
르노 마스터,https://search.pstatic.net/common?type=b&size=600&quality=75&direct=true&ttype=input&src=https%3A%2F%2Fimgauto-phinf.pstatic.net%2F20221116_220%2Fauto_1668581237695lKiuL_PNG%2F20221116154705_C17pMw9G.png
포드 머스탱 컨버터블,https://search.pstatic.net/common?type=b&size=600&quality=75&direct=true&ttype=input&src=https%3A%2F%2Fimgauto-phinf.pstatic.net%2F20220811_111%2Fauto_1660193070012KwgSP_PNG%2F20220811134418_gZbe1Pki.png
BMW X1,https://search.pstatic.net/common?type=b&size=600&quality=75&direct=true&ttype=input&src=https%3A%2F%2Fimgauto-phinf.pstatic.net%2F20220602_245%2Fauto_1654157972744i701p_PNG%2F20220602171918_cVIiaj6Q.png
BMW X4,https://search.pstatic.net/common?type=b&size=600&quality=75&direct=true&ttype=input&src=https%3A%2F%2Fimgauto-phinf.pstatic.net%2F20221122_78%2Fauto_1669101571430Suuqz_PNG%2F20221122161923_sAerK5NY.png
아우디 A7,https://search.pstatic.net/common?quality=75&direct=true&src=https%3A%2F%2Fimgauto-phinf.pstatic.net%2F20221229_128%2Fauto_1672273740857ztwdv_PNG%2F20221229092853_W6FkdI1u.png
마세라티 콰트로포르테,https://search.pstatic.net/common?type=b&size=600&quality=75&direct=true&ttype=input&src=https%3A%2F%2Fimgauto-phinf.pstatic.net%2F20220412_146%2Fauto_1649743296009UhSl4_PNG%2F20220412150125_WZwOh6qG.png
기아 니로 플러스,https://search.pstatic.net/common?type=b&size=600&quality=75&direct=true&ttype=input&src=https%3A%2F%2Fimgauto-phinf.pstatic.net%2F20230208_226%2Fauto_1675816576423hWFSw_PNG%2F20230208093603_x44xFQFx.png
푸조 408,https://search.pstatic.net/common?type=b&size=600&quality=75&direct=true&ttype=input&src=https%3A%2F%2Fimgauto-phinf.pstatic.net%2F20230523_249%2Fauto_168480679496205nFF_PNG%2F20230523105304_1Pk1eFU7.png
링컨 에비에이터,https://search.pstatic.net/common?type=b&size=600&quality=75&direct=true&ttype=input&src=https%3A%2F%2Fimgauto-phinf.pstatic.net%2F20230707_267%2Fauto_1688700529052WivfE_PNG%2F20230707122839_oCGmhSh3.png
메르세데스-벤츠 E클래스 카브리올레,https://search.pstatic.net/common?type=b&size=600&quality=75&direct=true&ttype=input&src=https%3A%2F%2Fimgauto-phinf.pstatic.net%2F20220922_85%2Fauto_1663820264735GJm1O_PNG%2F20220922131732_Ck0nSacO.png
BMW M8 그란쿠페,https://search.pstatic.net/common?type=b&size=600&quality=75&direct=true&ttype=input&src=https%3A%2F%2Fimgauto-phinf.pstatic.net%2F20220127_82%2Fauto_1643246707410NYBe1_PNG%2F20220127102455_tfCZdn17.png
포르쉐 타이칸 크로스 투리스모,https://search.pstatic.net/common?type=b&size=600&quality=75&direct=true&ttype=input&src=https%3A%2F%2Fimgauto-phinf.pstatic.net%2F20211014_185%2Fauto_1634201489238DJSk8_PNG%2F20211014175114_nWqlhlzL.png
볼보 XC40 리차지,https://search.pstatic.net/common?type=b&size=600&quality=75&direct=true&ttype=input&src=https%3A%2F%2Fimgauto-phinf.pstatic.net%2F20220901_25%2Fauto_1661993587367xx7rK_PNG%2F20220901095306_ivHJ7Qck.png
아우디 e-트론 GT,https://search.pstatic.net/common?type=b&size=600&quality=75&direct=true&ttype=input&src=https%3A%2F%2Fimgauto-phinf.pstatic.net%2F20211220_44%2Fauto_1639966268076WKd4Y_PNG%2F20211220111050_bIhxdET2.png
기아 레이,https://search.pstatic.net/common?quality=75&direct=true&src=https%3A%2F%2Fimgauto-phinf.pstatic.net%2F20220916_238%2Fauto_1663303685889ufQHL_PNG%2F20220916134757_zoNPZnAd.png
현대 포터2 일렉트릭,https://search.pstatic.net/common?type=b&size=600&quality=75&direct=true&ttype=input&src=https%3A%2F%2Fimgauto-phinf.pstatic.net%2F20230228_36%2Fauto_16775500931108rnSG_PNG%2F20230228110754_hav4Ime5.png
맥라렌 GT,https://search.pstatic.net/common?type=b&size=600&quality=75&direct=true&ttype=input&src=https%3A%2F%2Fimgauto-phinf.pstatic.net%2F20190926_125%2Fauto_1569482589787O8gva_PNG%2F20190926162257_V5VA1TJe.png
BMW i4 그란쿠페,https://search.pstatic.net/common?type=b&size=600&quality=75&direct=true&ttype=input&src=https%3A%2F%2Fimgauto-phinf.pstatic.net%2F20230706_144%2Fauto_1688618081747Kpb4a_PNG%2F20230706133431_pN7X34fd.png
DS 7 크로스백,https://search.pstatic.net/common?type=b&size=600&quality=75&direct=true&ttype=input&src=https%3A%2F%2Fimgauto-phinf.pstatic.net%2F20221229_174%2Fauto_1672277521937t42HU_PNG%2F20221229103153_0nnJHaWq.png
아우디 e-트론 스포트백,https://search.pstatic.net/common?quality=75&direct=true&src=https%3A%2F%2Fimgauto-phinf.pstatic.net%2F20221121_126%2Fauto_1669009694227NXimv_PNG%2F20221121144807_il2gQRhE.png
쉐보레 타호,https://search.pstatic.net/common?type=b&size=600&quality=75&direct=true&ttype=input&src=https%3A%2F%2Fimgauto-phinf.pstatic.net%2F20220112_54%2Fauto_1641959488728JwF6L_PNG%2F20220112125105_mtOyBcVz.png
링컨 코세어,https://search.pstatic.net/common?type=b&size=600&quality=75&direct=true&ttype=input&src=https%3A%2F%2Fimgauto-phinf.pstatic.net%2F20220811_101%2Fauto_1660195990934MjUK5_PNG%2F20220811143301_3RUOAvSH.png
애스턴마틴 밴티지,https://search.pstatic.net/common?type=b&size=600&quality=75&direct=true&ttype=input&src=https%3A%2F%2Fimgauto-phinf.pstatic.net%2F20210106_176%2Fauto_1609910051041bsEEG_PNG%2F20210106141407_KGR6iei9.png
토요타 시에나 하이브리드,https://search.pstatic.net/common?type=b&size=600&quality=75&direct=true&ttype=input&src=https%3A%2F%2Fimgauto-phinf.pstatic.net%2F20230126_236%2Fauto_1674700112067EBrV0_PNG%2F20230126112820_lBifX9Yw.png
쉐보레 이쿼녹스,https://search.pstatic.net/common?type=b&size=600&quality=75&direct=true&ttype=input&src=https%3A%2F%2Fimgauto-phinf.pstatic.net%2F20220602_14%2Fauto_1654137949416OUUzr_PNG%2F20220602114535_VlRMToMr.png
아우디 RS5 스포트백,https://search.pstatic.net/common?type=b&size=600&quality=75&direct=true&ttype=input&src=https%3A%2F%2Fimgauto-phinf.pstatic.net%2F20230331_171%2Fauto_16802388973948CA4I_PNG%2F20230331140121_xpWVveuJ.png
마세라티 르반떼,https://search.pstatic.net/common?type=b&size=600&quality=75&direct=true&ttype=input&src=https%3A%2F%2Fimgauto-phinf.pstatic.net%2F20220412_162%2Fauto_1649745618978fOe5P_PNG%2F20220412154009_2HqSdCQH.png
현대 코나 하이브리드,https://search.pstatic.net/common?quality=75&direct=true&src=https%3A%2F%2Fimgauto-phinf.pstatic.net%2F20230202_285%2Fauto_16753210416831O9LW_PNG%2F20230202155716_bfnTWRmw.png
지프 레니게이드,https://search.pstatic.net/common?type=b&size=600&quality=75&direct=true&ttype=input&src=https%3A%2F%2Fimgauto-phinf.pstatic.net%2F20220111_289%2Fauto_1641862133844C4ksS_PNG%2F20220111094841_ewmRQAgw.png
DS 4,https://search.pstatic.net/common?type=b&size=600&quality=75&direct=true&ttype=input&src=https%3A%2F%2Fimgauto-phinf.pstatic.net%2F20220802_74%2Fauto_1659426676569CWnSJ_PNG%2F20220802165103_it1cDGam.png
렉서스 LC 컨버터블,https://search.pstatic.net/common?type=b&size=600&quality=75&direct=true&ttype=input&src=https%3A%2F%2Fimgauto-phinf.pstatic.net%2F20221230_208%2Fauto_1672369964526nfBfN_PNG%2F20221230121232_vXncFDLy.png
렉서스 UX 하이브리드,https://search.pstatic.net/common?type=b&size=600&quality=75&direct=true&ttype=input&src=https%3A%2F%2Fimgauto-phinf.pstatic.net%2F20220516_293%2Fauto_1652673217466uiLcQ_PNG%2F20220516125326_AkqjTqIB.png
메르세데스-벤츠 AMG E클래스,https://search.pstatic.net/common?type=b&size=600&quality=75&direct=true&ttype=input&src=https%3A%2F%2Fimgauto-phinf.pstatic.net%2F20220921_106%2Fauto_16637484194364vo0O_PNG%2F20220921172008_qAcC9IIk.png
메르세데스-벤츠 AMG GT 4도어 쿠페,https://search.pstatic.net/common?type=b&size=600&quality=75&direct=true&ttype=input&src=https%3A%2F%2Fimgauto-phinf.pstatic.net%2F20221123_82%2Fauto_1669187545605eMlHi_PNG%2F20221123161215_vBY8Y82F.png
메르세데스-벤츠 GLC클래스,https://search.pstatic.net/common?type=b&size=600&quality=75&direct=true&ttype=input&src=https%3A%2F%2Fimgauto-phinf.pstatic.net%2F20220607_201%2Fauto_1654585394633RhF0c_PNG%2F20220607160258_3YIgqbNs.png
현대 싼타페 하이브리드,https://search.pstatic.net/common?type=b&size=600&quality=75&direct=true&ttype=input&src=https%3A%2F%2Fimgauto-phinf.pstatic.net%2F20220920_60%2Fauto_1663637012766bEMOa_PNG%2F20220920102321_5cTC8wQk.png
지프 글래디에이터,https://search.pstatic.net/common?type=b&size=600&quality=75&direct=true&ttype=input&src=https%3A%2F%2Fimgauto-phinf.pstatic.net%2F20230508_39%2Fauto_1683520084049txEqD_PNG%2F20230508132753_sVd3Kmed.png
BMW 1시리즈,https://search.pstatic.net/common?type=b&size=600&quality=75&direct=true&ttype=input&src=https%3A%2F%2Fimgauto-phinf.pstatic.net%2F20221122_274%2Fauto_1669093576014S8BfT_PNG%2F20221122140604_sCCZPeRW.png
KG 모빌리티 코란도,https://search.pstatic.net/common?quality=75&direct=true&src=https%3A%2F%2Fimgauto-phinf.pstatic.net%2F20230102_152%2Fauto_1672632283849xdg9m_PNG%2F20230102130436_4kkT2hvu.png
볼보 V90 크로스 컨트리,https://search.pstatic.net/common?type=b&size=600&quality=75&direct=true&ttype=input&src=https%3A%2F%2Fimgauto-phinf.pstatic.net%2F20220920_101%2Fauto_1663663752177O6cU4_PNG%2F20220920174900_EvA2lY6S.png
로터스 에미라,https://search.pstatic.net/common?type=b&size=600&quality=75&direct=true&ttype=input&src=https%3A%2F%2Fimgauto-phinf.pstatic.net%2F20210708_254%2Fauto_1625731766681nFWGm_PNG%2F20210708170908_Ah5Ahe1c.png
BMW M2,https://search.pstatic.net/common?type=b&size=600&quality=75&direct=true&ttype=input&src=https%3A%2F%2Fimgauto-phinf.pstatic.net%2F20221012_15%2Fauto_1665544132876y8Nmf_PNG%2F20221012120840_Ijgg5VdZ.png
롤스로이스 팬텀,https://search.pstatic.net/common?type=b&size=600&quality=75&direct=true&ttype=input&src=https%3A%2F%2Fimgauto-phinf.pstatic.net%2F20221125_198%2Fauto_1669344146553I2Nki_PNG%2F20221125114217_eFl3hRkq.png
BMW 8시리즈,https://search.pstatic.net/common?type=b&size=600&quality=75&direct=true&ttype=input&src=https%3A%2F%2Fimgauto-phinf.pstatic.net%2F20220127_255%2Fauto_1643245348716ReqEH_PNG%2F20220127100217_9bHREvan.png
링컨 네비게이터,https://search.pstatic.net/common?type=b&size=600&quality=75&direct=true&ttype=input&src=https%3A%2F%2Fimgauto-phinf.pstatic.net%2F20230526_30%2Fauto_16850758843243tr6s_PNG%2F20230526133756_FE6yEg8Z.png
페라리 296 GTS,https://search.pstatic.net/common?type=b&size=600&quality=75&direct=true&ttype=input&src=https%3A%2F%2Fimgauto-phinf.pstatic.net%2F20220420_2%2Fauto_1650425665135nY5sr_PNG%2F20220420123407_de6ameYY.png
현대 코나 일렉트릭,https://search.pstatic.net/common?quality=75&direct=true&src=https%3A%2F%2Fimgauto-phinf.pstatic.net%2F20230413_57%2Fauto_168135080778951B8F_PNG%2F20230413105321_qMVdgf5i.png
BMW 4시리즈 컨버터블,https://search.pstatic.net/common?type=b&size=600&quality=75&direct=true&ttype=input&src=https%3A%2F%2Fimgauto-phinf.pstatic.net%2F20230706_234%2Fauto_1688617783455gW6r3_PNG%2F20230706132929_9z6QWSb1.png
아우디 A5 카브리올레,https://search.pstatic.net/common?quality=75&direct=true&src=https%3A%2F%2Fimgauto-phinf.pstatic.net%2F20221108_261%2Fauto_1667877110487vFOxA_PNG%2F20221108121142_EvOAhxnj.png
지프 랭글러 4XE,https://search.pstatic.net/common?type=b&size=600&quality=75&direct=true&ttype=input&src=https%3A%2F%2Fimgauto-phinf.pstatic.net%2F20230602_195%2Fauto_1685693993935qefgl_PNG%2F20230602171941_s0bMWV9O.png
메르세데스-벤츠 G클래스,https://search.pstatic.net/common?type=b&size=600&quality=75&direct=true&ttype=input&src=https%3A%2F%2Fimgauto-phinf.pstatic.net%2F20220921_133%2Fauto_1663744149931UNtDb_PNG%2F20220921160900_6ZOOhH3w.png
쉐보레 볼트 EUV,https://search.pstatic.net/common?type=b&size=600&quality=75&direct=true&ttype=input&src=https%3A%2F%2Fimgauto-phinf.pstatic.net%2F20220823_7%2Fauto_1661227455117t0mrw_PNG%2F20220823130404_L4H5aYlU.png
메르세데스-벤츠 AMG GT C 로드스터,https://search.pstatic.net/common?type=b&size=600&quality=75&direct=true&ttype=input&src=https%3A%2F%2Fimgauto-phinf.pstatic.net%2F20201228_160%2Fauto_16091205621044HxUt_PNG%2F20201228105544_VIqgDzah.png
아우디 e-트론 S,https://search.pstatic.net/common?type=b&size=600&quality=75&direct=true&ttype=input&src=https%3A%2F%2Fimgauto-phinf.pstatic.net%2F20230126_110%2Fauto_1674714990970VPioz_PNG%2F20230126153623_cS65Bph5.png
캐딜락 XT5,https://search.pstatic.net/common?type=b&size=600&quality=75&direct=true&ttype=input&src=https%3A%2F%2Fimgauto-phinf.pstatic.net%2F20220602_79%2Fauto_1654140659876JyS5I_PNG%2F20220602123048_gmxrazod.png
포르쉐 911 GT3,https://search.pstatic.net/common?type=b&size=600&quality=75&direct=true&ttype=input&src=https%3A%2F%2Fimgauto-phinf.pstatic.net%2F20211014_127%2Fauto_1634200431230g7NFF_PNG%2F20211014173335_UVdiwHB6.png
미니 해치백 5도어,https://search.pstatic.net/common?type=b&size=600&quality=75&direct=true&ttype=input&src=https%3A%2F%2Fimgauto-phinf.pstatic.net%2F20230613_43%2Fauto_1686641559401dMOzX_PNG%2F20230613163231_IqMHFRTM.png
지프 그랜드 체로키 L,https://search.pstatic.net/common?type=b&size=600&quality=75&direct=true&ttype=input&src=https%3A%2F%2Fimgauto-phinf.pstatic.net%2F20221123_105%2Fauto_16691804828349UK9B_PNG%2F20221123141427_lpFEr7MB.png
포르쉐 911 카레라 카브리올레,https://search.pstatic.net/common?type=b&size=600&quality=75&direct=true&ttype=input&src=https%3A%2F%2Fimgauto-phinf.pstatic.net%2F20200225_20%2Fauto_1582597044785aB0pP_PNG%2F20200225111714_YxCzFz1D.png
람보르기니 우라칸,https://search.pstatic.net/common?type=b&size=600&quality=75&direct=true&ttype=input&src=https%3A%2F%2Fimgauto-phinf.pstatic.net%2F20220413_178%2Fauto_1649815015146c9s4M_PNG%2F20220413105641_dMoeIqwp.png
페라리 812 슈퍼패스트,https://search.pstatic.net/common?type=b&size=600&quality=75&direct=true&ttype=input&src=http%3A%2F%2Fimgauto.naver.com%2F20170608_117%2Fauto_1496911488138wGROI_PNG%2F20170608174428_TJ7HJPyr.png
포르쉐 911 터보,https://search.pstatic.net/common?type=b&size=600&quality=75&direct=true&ttype=input&src=https%3A%2F%2Fimgauto-phinf.pstatic.net%2F20201209_298%2Fauto_1607479250001Dvitb_PNG%2F20201209110031_Md8gf64P.png
폭스바겐 투아렉,https://search.pstatic.net/common?type=b&size=600&quality=75&direct=true&ttype=input&src=https%3A%2F%2Fimgauto-phinf.pstatic.net%2F20230223_254%2Fauto_1677115751717SAJK2_PNG%2F20230223102909_tTFw0Nwx.png
BMW 5시리즈 플러그인 하이브리드,https://search.pstatic.net/common?type=b&size=600&quality=75&direct=true&ttype=input&src=https%3A%2F%2Fimgauto-phinf.pstatic.net%2F20221122_124%2Fauto_1669097659722euoqO_PNG%2F20221122151407_vDFkPVPq.png
기아 모하비,https://search.pstatic.net/common?quality=75&direct=true&src=https%3A%2F%2Fimgauto-phinf.pstatic.net%2F20230601_88%2Fauto_168558623886609PGL_PNG%2F20230601112352_gKaiLfHA.png
푸조 508 SW,https://search.pstatic.net/common?type=b&size=600&quality=75&direct=true&ttype=input&src=https%3A%2F%2Fimgauto-phinf.pstatic.net%2F20220120_20%2Fauto_1642642119708PCK72_PNG%2F20220120102827_r0pvJ2pe.png
제네시스 GV60,https://search.pstatic.net/common?quality=75&direct=true&src=https%3A%2F%2Fimgauto-phinf.pstatic.net%2F20221216_230%2Fauto_1671154523905mkAxY_PNG%2F20221216103517_2hFXD9KW.png
렉서스 LS,https://search.pstatic.net/common?type=b&size=600&quality=75&direct=true&ttype=input&src=https%3A%2F%2Fimgauto-phinf.pstatic.net%2F20221230_102%2Fauto_167236619709214fhM_PNG%2F20221230110945_yxZWQBMd.png
메르세데스-벤츠 AMG A클래스,https://search.pstatic.net/common?type=b&size=600&quality=75&direct=true&ttype=input&src=https%3A%2F%2Fimgauto-phinf.pstatic.net%2F20220921_152%2Fauto_1663744719216frRPu_PNG%2F20220921161826_YTcq4BEb.png
푸조 5008 GT,https://search.pstatic.net/common?type=b&size=600&quality=75&direct=true&ttype=input&src=https%3A%2F%2Fimgauto-phinf.pstatic.net%2F20230106_106%2Fauto_1672980884085xCcz3_PNG%2F20230106135433_x9bxoHAW.png
랜드로버 레인지로버,https://search.pstatic.net/common?type=b&size=600&quality=75&direct=true&ttype=input&src=https%3A%2F%2Fimgauto-phinf.pstatic.net%2F20230207_200%2Fauto_1675740368864zJcgz_PNG%2F20230207122553_cLO5Uman.png
메르세데스-벤츠 AMG A클래스 세단,https://search.pstatic.net/common?type=b&size=600&quality=75&direct=true&ttype=input&src=https%3A%2F%2Fimgauto-phinf.pstatic.net%2F20220921_83%2Fauto_1663745962939gljH1_PNG%2F20220921163912_rxbG1ugJ.png
미니 해치백 S,https://search.pstatic.net/common?type=b&size=600&quality=75&direct=true&ttype=input&src=https%3A%2F%2Fimgauto-phinf.pstatic.net%2F20230613_296%2Fauto_1686641738868xGMT5_PNG%2F20230613163530_0S2RO5qK.png
현대 캐스퍼,https://search.pstatic.net/common?type=b&size=600&quality=75&direct=true&ttype=input&src=https%3A%2F%2Fimgauto-phinf.pstatic.net%2F20230427_77%2Fauto_1682562585238TVCgm_PNG%2F20230427112937_r4udc5ai.png
제네시스 일렉트리파이드 GV70,https://search.pstatic.net/common?quality=75&direct=true&src=https%3A%2F%2Fimgauto-phinf.pstatic.net%2F20220225_116%2Fauto_1645752206557VHvQO_PNG%2F20220225102316_xOB9M49i.png
미니 해치백 S 5도어,https://search.pstatic.net/common?type=b&size=600&quality=75&direct=true&ttype=input&src=https%3A%2F%2Fimgauto-phinf.pstatic.net%2F20230613_163%2Fauto_1686641790051SXNjL_PNG%2F20230613163622_gKfgRJVX.png
랜드로버 레인지로버 벨라,https://search.pstatic.net/common?type=b&size=600&quality=75&direct=true&ttype=input&src=https%3A%2F%2Fimgauto-phinf.pstatic.net%2F20220927_30%2Fauto_1664249462145rAId1_PNG%2F20220927123054_9Z9ZqoLk.png
마세라티 MC20,https://search.pstatic.net/common?type=b&size=600&quality=75&direct=true&ttype=input&src=https%3A%2F%2Fimgauto-phinf.pstatic.net%2F20230706_193%2Fauto_16886101757584XDU2_PNG%2F20230706112244_tIFbLX5k.png
람보르기니 우라칸 에보 스파이더,https://search.pstatic.net/common?type=b&size=600&quality=75&direct=true&ttype=input&src=https%3A%2F%2Fimgauto-phinf.pstatic.net%2F20200811_151%2Fauto_1597105742975X0avX_PNG%2F20200811092853_1n6q1uEu.png
BMW 3시리즈,https://search.pstatic.net/common?type=b&size=600&quality=75&direct=true&ttype=input&src=https%3A%2F%2Fimgauto-phinf.pstatic.net%2F20220518_199%2Fauto_1652856000386G6Azr_PNG%2F20220518153945_PsX1R1KL.png
BMW 7시리즈 플러그인 하이브리드,https://search.pstatic.net/common?type=b&size=600&quality=75&direct=true&ttype=input&src=https%3A%2F%2Fimgauto-phinf.pstatic.net%2F20220421_72%2Fauto_1650507333658ewJF3_PNG%2F20220421111520_bdoiRRlS.png
포르쉐 박스터 GTS,https://search.pstatic.net/common?type=b&size=600&quality=75&direct=true&ttype=input&src=https%3A%2F%2Fimgauto-phinf.pstatic.net%2F20210204_156%2Fauto_1612401024272y3ISx_PNG%2F20210204101010_o6tQC6IL.png
BMW 2시리즈 그란쿠페,https://search.pstatic.net/common?type=b&size=600&quality=75&direct=true&ttype=input&src=https%3A%2F%2Fimgauto-phinf.pstatic.net%2F20221122_272%2Fauto_1669093866144GOgza_PNG%2F20221122141052_eJU6Hx1E.png
BMW iX,https://search.pstatic.net/common?type=b&size=600&quality=75&direct=true&ttype=input&src=https%3A%2F%2Fimgauto-phinf.pstatic.net%2F20221221_17%2Fauto_1671610311135a8dJx_PNG%2F20221221171136_qU1jkhnQ.png
현대 투싼 하이브리드,https://search.pstatic.net/common?quality=75&direct=true&src=https%3A%2F%2Fimgauto-phinf.pstatic.net%2F20220713_105%2Fauto_1657679218612gyb41_PNG%2F20220713112652_ExDdPNiR.png
포르쉐 파나메라 E-하이브리드,https://search.pstatic.net/common?type=b&size=600&quality=75&direct=true&ttype=input&src=https%3A%2F%2Fimgauto-phinf.pstatic.net%2F20220623_183%2Fauto_1655948922484Lysha_PNG%2F20220623104829_f9OrHNyO.png
마이브 M1,https://search.pstatic.net/common?type=b&size=600&quality=75&direct=true&ttype=input&src=https%3A%2F%2Fimgauto-phinf.pstatic.net%2F20230706_171%2Fauto_1688605870100PCPd2_PNG%2F20230706101100_xwgY8xVn.png
BMW Z4,https://search.pstatic.net/common?type=b&size=600&quality=75&direct=true&ttype=input&src=https%3A%2F%2Fimgauto-phinf.pstatic.net%2F20220929_133%2Fauto_1664426597456hzJUs_PNG%2F20220929134302_bX9TXfoi.png
아우디 R8,https://search.pstatic.net/common?quality=75&direct=true&src=https%3A%2F%2Fimgauto-phinf.pstatic.net%2F20210205_136%2Fauto_16125035830997m35F_PNG%2F20210205143938_Ns0zba7z.png
메르세데스-벤츠 EQB,https://search.pstatic.net/common?type=b&size=600&quality=75&direct=true&ttype=input&src=https%3A%2F%2Fimgauto-phinf.pstatic.net%2F20221123_106%2Fauto_1669188056678UPBbg_PNG%2F20221123162044_ktYAToIE.png
포드 브롱코 4도어,https://search.pstatic.net/common?type=b&size=600&quality=75&direct=true&ttype=input&src=https%3A%2F%2Fimgauto-phinf.pstatic.net%2F20230615_128%2Fauto_168679581412111anR_PNG%2F20230615112325_DQal8gJa.png
메르세데스-벤츠 AMG GT R,https://search.pstatic.net/common?type=b&size=600&quality=75&direct=true&ttype=input&src=https%3A%2F%2Fimgauto-phinf.pstatic.net%2F20210401_199%2Fauto_1617242576417AeCjy_PNG%2F20210401110240_ojOYtcvP.png
포르쉐 카이맨 GTS,https://search.pstatic.net/common?type=b&size=600&quality=75&direct=true&ttype=input&src=https%3A%2F%2Fimgauto-phinf.pstatic.net%2F20210204_41%2Fauto_1612401256091u0d6A_PNG%2F20210204101404_xXjuTagR.png
현대 베뉴,https://search.pstatic.net/common?quality=75&direct=true&src=https%3A%2F%2Fimgauto-phinf.pstatic.net%2F20221013_15%2Fauto_1665622680240XH9Ha_PNG%2F20221013095753_AtSfDdpb.png
메르세데스-벤츠 C클래스,https://search.pstatic.net/common?type=b&size=600&quality=75&direct=true&ttype=input&src=https%3A%2F%2Fimgauto-phinf.pstatic.net%2F20221123_183%2Fauto_1669189178106CqA2s_PNG%2F20221123163930_LMVxq8Vh.png
페라리 F8 트리뷰토,https://search.pstatic.net/common?type=b&size=600&quality=75&direct=true&ttype=input&src=https%3A%2F%2Fimgauto-phinf.pstatic.net%2F20190530_231%2Fauto_1559181168724t9ptE_PNG%2F20190530105230_y6AvwXc9.png
볼보 XC60,https://search.pstatic.net/common?type=b&size=600&quality=75&direct=true&ttype=input&src=https%3A%2F%2Fimgauto-phinf.pstatic.net%2F20220905_262%2Fauto_1662366707835yNg1G_PNG%2F20220905173133_zybDGlXC.png
아우디 S6,https://search.pstatic.net/common?quality=75&direct=true&src=https%3A%2F%2Fimgauto-phinf.pstatic.net%2F20221013_299%2Fauto_16656473793476uKMr_PNG%2F20221013164933_5rW7uosS.png
메르세데스-벤츠 GLE클래스,https://search.pstatic.net/common?type=b&size=600&quality=75&direct=true&ttype=input&src=https%3A%2F%2Fimgauto-phinf.pstatic.net%2F20220922_172%2Fauto_1663818424543mxyYH_PNG%2F20220922124653_I2sRNyf3.png
BMW iX3,https://search.pstatic.net/common?type=b&size=600&quality=75&direct=true&ttype=input&src=https%3A%2F%2Fimgauto-phinf.pstatic.net%2F20221122_105%2Fauto_1669098886962Ds6jL_PNG%2F20221122153437_3fDjCuq5.png
폭스바겐 ID.4,https://search.pstatic.net/common?type=b&size=600&quality=75&direct=true&ttype=input&src=https%3A%2F%2Fimgauto-phinf.pstatic.net%2F20230628_170%2Fauto_1687914928699U6KlD_PNG%2F20230628101516_3bbDDJA7.png
기아 K8 하이브리드,https://search.pstatic.net/common?type=b&size=600&quality=75&direct=true&ttype=input&src=https%3A%2F%2Fimgauto-phinf.pstatic.net%2F20220502_45%2Fauto_16514546452074N6FJ_PNG%2F20220502102353_m28dF6l3.png
포드 머스탱,https://search.pstatic.net/common?type=b&size=600&quality=75&direct=true&ttype=input&src=https%3A%2F%2Fimgauto-phinf.pstatic.net%2F20220811_167%2Fauto_1660196202350g2ARp_PNG%2F20220811143627_LUlItfH5.png
미니 해치백 JCW,https://search.pstatic.net/common?type=b&size=600&quality=75&direct=true&ttype=input&src=https%3A%2F%2Fimgauto-phinf.pstatic.net%2F20230613_283%2Fauto_1686641626177axpdj_PNG%2F20230613163338_KXtQAXby.png
미니 컨트리맨 S,https://search.pstatic.net/common?type=b&size=600&quality=75&direct=true&ttype=input&src=https%3A%2F%2Fimgauto-phinf.pstatic.net%2F20230613_20%2Fauto_1686640993541Ysi5b_PNG%2F20230613162304_1ARciBca.png
기아 봉고3,https://search.pstatic.net/common?type=b&size=600&quality=75&direct=true&ttype=input&src=https%3A%2F%2Fimgauto-phinf.pstatic.net%2F20220103_224%2Fauto_164119233509945FYN_PNG%2F20220103154521_CPYgLXQ1.png
기아 쏘렌토,https://search.pstatic.net/common?quality=75&direct=true&src=https%3A%2F%2Fimgauto-phinf.pstatic.net%2F20220713_13%2Fauto_1657691377208qnLOb_PNG%2F20220713144930_uOWBkhzp.png
아우디 RS7,https://search.pstatic.net/common?type=b&size=600&quality=75&direct=true&ttype=input&src=https%3A%2F%2Fimgauto-phinf.pstatic.net%2F20221229_117%2Fauto_1672275105138H8Bf0_PNG%2F20221229095137_IxIrAU4D.png
아우디 A5,https://search.pstatic.net/common?quality=75&direct=true&src=https%3A%2F%2Fimgauto-phinf.pstatic.net%2F20221108_128%2Fauto_1667877076996SVdKn_PNG%2F20221108121109_OEu9ed2j.png
기아 K3 GT,https://search.pstatic.net/common?quality=75&direct=true&src=https%3A%2F%2Fimgauto-phinf.pstatic.net%2F20220905_111%2Fauto_1662343196554FsMBr_PNG%2F20220905105939_PJevDa4o.png
페라리 SF90 스트라달레,https://search.pstatic.net/common?type=b&size=600&quality=75&direct=true&ttype=input&src=https%3A%2F%2Fimgauto-phinf.pstatic.net%2F20190711_144%2Fauto_1562810136049XohPX_PNG%2F20190711105502_ffq92a2j.png
랜드로버 디스커버리,https://search.pstatic.net/common?type=b&size=600&quality=75&direct=true&ttype=input&src=https%3A%2F%2Fimgauto-phinf.pstatic.net%2F20220927_137%2Fauto_1664251773908QbLtt_PNG%2F20220927130753_W4V01MHE.png
BMW 3시리즈 투어링,https://search.pstatic.net/common?type=b&size=600&quality=75&direct=true&ttype=input&src=https%3A%2F%2Fimgauto-phinf.pstatic.net%2F20220518_145%2Fauto_1652857421097Fafz2_PNG%2F20220518160311_tsuBoTb6.png
아우디 S7,https://search.pstatic.net/common?quality=75&direct=true&src=https%3A%2F%2Fimgauto-phinf.pstatic.net%2F20201204_27%2Fauto_1607065741336b6OnI_PNG%2F20201204160853_6YxMZaa1.png
기아 카니발,https://search.pstatic.net/common?quality=75&direct=true&src=https%3A%2F%2Fimgauto-phinf.pstatic.net%2F20210714_217%2Fauto_1626233395359bnp4k_PNG%2F20210714122947_w075mQ4Q.png
코닉세그 제메라,https://search.pstatic.net/common?type=b&size=600&quality=75&direct=true&ttype=input&src=https%3A%2F%2Fimgauto-phinf.pstatic.net%2F20200304_203%2Fauto_1583299980718Mcgym_PNG%2F20200304143250_m37SMiCd.png
볼보 XC90 플러그인 하이브리드,https://search.pstatic.net/common?type=b&size=600&quality=75&direct=true&ttype=input&src=https%3A%2F%2Fimgauto-phinf.pstatic.net%2F20220823_267%2Fauto_1661239021801NdI5A_PNG%2F20220823161646_1DbqfW8T.png
시트로엥 그랜드 C4 스페이스 투어러,https://search.pstatic.net/common?type=b&size=600&quality=75&direct=true&ttype=input&src=https%3A%2F%2Fimgauto-phinf.pstatic.net%2F20200904_279%2Fauto_1599206068316xXjcI_PNG%2F20200904165418_0KAXWUTA.png
대창모터스 다니고 T,https://search.pstatic.net/common?type=b&size=600&quality=75&direct=true&ttype=input&src=https%3A%2F%2Fimgauto-phinf.pstatic.net%2F20230126_276%2Fauto_1674713258667cExfU_PNG%2F20230126150725_NQrzDB0w.png
BMW iX1,https://search.pstatic.net/common?type=b&size=600&quality=75&direct=true&ttype=input&src=https%3A%2F%2Fimgauto-phinf.pstatic.net%2F20220602_283%2Fauto_16541583435980ow61_PNG%2F20220602172533_Thy9Fnvt.png
아우디 A5 스포트백,https://search.pstatic.net/common?quality=75&direct=true&src=https%3A%2F%2Fimgauto-phinf.pstatic.net%2F20221028_197%2Fauto_16669418334333F2wG_PNG%2F20221028162345_gxPxHPBe.png
폭스바겐 티구안 올스페이스,https://search.pstatic.net/common?type=b&size=600&quality=75&direct=true&ttype=input&src=https%3A%2F%2Fimgauto-phinf.pstatic.net%2F20230215_234%2Fauto_1676428125538tftYw_PNG%2F20230215112835_r5U6GlHR.png
아우디 A8,https://search.pstatic.net/common?type=b&size=600&quality=75&direct=true&ttype=input&src=https%3A%2F%2Fimgauto-phinf.pstatic.net%2F20230126_45%2Fauto_1674714510241NzG4i_PNG%2F20230126152823_FXPygjVg.png
BMW 6시리즈 그란투리스모,https://search.pstatic.net/common?type=b&size=600&quality=75&direct=true&ttype=input&src=https%3A%2F%2Fimgauto-phinf.pstatic.net%2F20221122_235%2Fauto_16690983835320X7lw_PNG%2F20221122152612_y4pyOt4H.png
메르세데스-벤츠 마이바흐 S클래스,https://search.pstatic.net/common?type=b&size=600&quality=75&direct=true&ttype=input&src=https%3A%2F%2Fimgauto-phinf.pstatic.net%2F20220921_280%2Fauto_1663749249829IxqhP_PNG%2F20220921173400_6SK07mRL.png
메르세데스-벤츠 스프린터,https://search.pstatic.net/common?type=b&size=600&quality=75&direct=true&ttype=input&src=https%3A%2F%2Fimgauto-phinf.pstatic.net%2F20191210_62%2Fauto_1575950413008A1C3W_PNG%2F20191210130011_5TmbnUqD.png
아우디 e-트론,https://search.pstatic.net/common?quality=75&direct=true&src=https%3A%2F%2Fimgauto-phinf.pstatic.net%2F20221121_6%2Fauto_1669009666643IA0Gz_PNG%2F20221121144739_ZoK5eY22.png
람보르기니 우라칸 에보,https://search.pstatic.net/common?type=b&size=600&quality=75&direct=true&ttype=input&src=https%3A%2F%2Fimgauto-phinf.pstatic.net%2F20190730_287%2Fauto_1564469668966PYYpe_PNG%2F20190730155414_7zNf0ryR.png
DS 3 크로스백,https://search.pstatic.net/common?type=b&size=600&quality=75&direct=true&ttype=input&src=https%3A%2F%2Fimgauto-phinf.pstatic.net%2F20221229_41%2Fauto_1672277300428r1KX9_PNG%2F20221229102809_2BWiW3Lo.png
폭스바겐 아테온,https://search.pstatic.net/common?type=b&size=600&quality=75&direct=true&ttype=input&src=https%3A%2F%2Fimgauto-phinf.pstatic.net%2F20220105_160%2Fauto_1641345096922HdUcd_PNG%2F20220105101125_jWSXBDIC.png
미니 컨버터블 S,https://search.pstatic.net/common?type=b&size=600&quality=75&direct=true&ttype=input&src=https%3A%2F%2Fimgauto-phinf.pstatic.net%2F20230613_4%2Fauto_16866408051196drr7_PNG%2F20230613161956_3IFHe5kV.png
렉서스 UX 일렉트릭,https://search.pstatic.net/common?type=b&size=600&quality=75&direct=true&ttype=input&src=https%3A%2F%2Fimgauto-phinf.pstatic.net%2F20220513_175%2Fauto_1652406070283W3W0w_PNG%2F20220513104057_MPJoW5Yn.png
페라리 로마,https://search.pstatic.net/common?type=b&size=600&quality=75&direct=true&ttype=input&src=https%3A%2F%2Fimgauto-phinf.pstatic.net%2F20191114_7%2Fauto_1573697173150mca10_PNG%2F20191114110552_fr9pEfRa.png
BMW X4 M,https://search.pstatic.net/common?type=b&size=600&quality=75&direct=true&ttype=input&src=https%3A%2F%2Fimgauto-phinf.pstatic.net%2F20221122_51%2Fauto_1669101700353PHCwf_PNG%2F20221122162132_5kY5uAnp.png
미니 클럽맨,https://search.pstatic.net/common?type=b&size=600&quality=75&direct=true&ttype=input&src=https%3A%2F%2Fimgauto-phinf.pstatic.net%2F20230613_222%2Fauto_1686641126457rVLgO_PNG%2F20230613162518_Xnh6d0Vr.png
기아 니로 하이브리드,https://search.pstatic.net/common?quality=75&direct=true&src=https%3A%2F%2Fimgauto-phinf.pstatic.net%2F20230201_91%2Fauto_1675215514017rz4jW_PNG%2F20230201103827_Tmz4rxqY.png
푸조 3008,https://search.pstatic.net/common?type=b&size=600&quality=75&direct=true&ttype=input&src=https%3A%2F%2Fimgauto-phinf.pstatic.net%2F20230626_76%2Fauto_1687744017406ps4BK_PNG%2F20230626104643_61QzqcfW.png
포르쉐 911 터보 카브리올레,https://search.pstatic.net/common?type=b&size=600&quality=75&direct=true&ttype=input&src=https%3A%2F%2Fimgauto-phinf.pstatic.net%2F20201209_76%2Fauto_1607479482961xFSIv_PNG%2F20201209110429_9CoPuiCh.png
메르세데스-벤츠 마이바흐 GLS클래스,https://search.pstatic.net/common?type=b&size=600&quality=75&direct=true&ttype=input&src=https%3A%2F%2Fimgauto-phinf.pstatic.net%2F20220922_219%2Fauto_16638224054676i0aJ_PNG%2F20220922135313_FPoqsQH7.png
기아 EV6,https://search.pstatic.net/common?quality=75&direct=true&src=https%3A%2F%2Fimgauto-phinf.pstatic.net%2F20220919_237%2Fauto_1663551388233imMyr_PNG%2F20220919103622_ns4oHB0w.png
쉐보레 트레일블레이저,https://search.pstatic.net/common?type=b&size=600&quality=75&direct=true&ttype=input&src=https%3A%2F%2Fimgauto-phinf.pstatic.net%2F20220510_188%2Fauto_1652156747379GFN0R_PNG%2F20220510132536_jfCbE7rE.png
렉서스 RZ,https://search.pstatic.net/common?type=b&size=600&quality=75&direct=true&ttype=input&src=https%3A%2F%2Fimgauto-phinf.pstatic.net%2F20230621_218%2Fauto_1687311509572LMG53_PNG%2F20230621103816_j9NOs4uq.png
KG 모빌리티 렉스턴,https://search.pstatic.net/common?quality=75&direct=true&src=https%3A%2F%2Fimgauto-phinf.pstatic.net%2F20230515_145%2Fauto_1684115899740PgAjB_PNG%2F20230515105813_m5cU0WO3.png
BMW X7,https://search.pstatic.net/common?type=b&size=600&quality=75&direct=true&ttype=input&src=https%3A%2F%2Fimgauto-phinf.pstatic.net%2F20230706_255%2Fauto_1688618684327J5zgj_PNG%2F20230706134436_3DpO4749.png
메르세데스-벤츠 GLA클래스,https://search.pstatic.net/common?type=b&size=600&quality=75&direct=true&ttype=input&src=https%3A%2F%2Fimgauto-phinf.pstatic.net%2F20220921_52%2Fauto_1663749630307y32OQ_PNG%2F20220921174020_q877Jd2l.png
포르쉐 마칸,https://search.pstatic.net/common?type=b&size=600&quality=75&direct=true&ttype=input&src=https%3A%2F%2Fimgauto-phinf.pstatic.net%2F20220328_122%2Fauto_1648445931452AMViC_PNG%2F20220328143838_qSZTXM6x.png
지프 랭글러 2도어,https://search.pstatic.net/common?type=b&size=600&quality=75&direct=true&ttype=input&src=https%3A%2F%2Fimgauto-phinf.pstatic.net%2F20230210_171%2Fauto_1676007076540rWIPp_PNG%2F20230210143107_ZwdrOBSG.png
페라리 812 GTS,https://search.pstatic.net/common?type=b&size=600&quality=75&direct=true&ttype=input&src=https%3A%2F%2Fimgauto-phinf.pstatic.net%2F20190916_126%2Fauto_1568615711177lytOR_PNG%2F20190916153456_rqGL6ZiH.png
캐딜락 CT5,https://search.pstatic.net/common?type=b&size=600&quality=75&direct=true&ttype=input&src=https%3A%2F%2Fimgauto-phinf.pstatic.net%2F20210915_268%2Fauto_1631679527534mUCqf_PNG%2F20210915131831_10RfHurq.png
토요타 GR 수프라,https://search.pstatic.net/common?type=b&size=600&quality=75&direct=true&ttype=input&src=https%3A%2F%2Fimgauto-phinf.pstatic.net%2F20230126_171%2Fauto_1674703764409mq0hW_PNG%2F20230126122915_tGUg4QjQ.png
람보르기니 우루스,https://search.pstatic.net/common?type=b&size=600&quality=75&direct=true&ttype=input&src=https%3A%2F%2Fimgauto-phinf.pstatic.net%2F20200902_58%2Fauto_15990083106436fiQV_PNG%2F20200902095805_fvWCJAOV.png
르노코리아 XM3 E-TECH 하이브리드,https://search.pstatic.net/common?quality=75&direct=true&src=https%3A%2F%2Fimgauto-phinf.pstatic.net%2F20221027_281%2Fauto_16668394494559oHIa_PNG%2F20221027115544_bR0iXemb.png
현대 쏘나타,https://search.pstatic.net/common?quality=75&direct=true&src=https%3A%2F%2Fimgauto-phinf.pstatic.net%2F20230503_122%2Fauto_1683080196323zXIHL_PNG%2F20230503111630_DMaFnc2s.png
포르쉐 타이칸,https://search.pstatic.net/common?type=b&size=600&quality=75&direct=true&ttype=input&src=https%3A%2F%2Fimgauto-phinf.pstatic.net%2F20201127_63%2Fauto_1606439311217T3ve9_PNG%2F20201127100829_0eGRVAdJ.png
BMW 7시리즈,https://search.pstatic.net/common?type=b&size=600&quality=75&direct=true&ttype=input&src=https%3A%2F%2Fimgauto-phinf.pstatic.net%2F20220421_115%2Fauto_1650508097254eMQWj_PNG%2F20220421112802_WrQ7XFEQ.png
대창모터스 다니고 W,https://search.pstatic.net/common?type=b&size=600&quality=75&direct=true&ttype=input&src=https%3A%2F%2Fimgauto-phinf.pstatic.net%2F20230126_240%2Fauto_16747142034135Esmb_PNG%2F20230126152312_XFNasQWn.png
기아 모닝,https://search.pstatic.net/common?type=b&size=600&quality=75&direct=true&ttype=input&src=https%3A%2F%2Fimgauto-phinf.pstatic.net%2F20230705_220%2Fauto_1688524325277pnVWp_PNG%2F20230705113156_TeuVXHJZ.png
포드 익스플로러,https://search.pstatic.net/common?type=b&size=600&quality=75&direct=true&ttype=input&src=https%3A%2F%2Fimgauto-phinf.pstatic.net%2F20230707_235%2Fauto_1688700707830TLjrw_PNG%2F20230707123146_nlBEbv1v.png
시트로엥 C4 칵투스,https://search.pstatic.net/common?type=b&size=600&quality=75&direct=true&ttype=input&src=https%3A%2F%2Fimgauto-phinf.pstatic.net%2F20190128_36%2Fauto_1548650997857DAzT2_PNG%2F20190128134945_9qlLT3mK.png
포르쉐 박스터,https://search.pstatic.net/common?type=b&size=600&quality=75&direct=true&ttype=input&src=https%3A%2F%2Fimgauto-phinf.pstatic.net%2F20180214_44%2Fauto_1518587418860XydJs_PNG%2F20180214145007_AO1MTDzx.png
기아 셀토스,https://search.pstatic.net/common?quality=75&direct=true&src=https%3A%2F%2Fimgauto-phinf.pstatic.net%2F20230502_33%2Fauto_1682989239722w59iT_PNG%2F20230502100034_RHtv4BHu.png
르노코리아 XM3,https://search.pstatic.net/common?quality=75&direct=true&src=https%3A%2F%2Fimgauto-phinf.pstatic.net%2F20221018_35%2Fauto_1666051376787WFUij_PNG%2F20221018090250_LvpLJlVa.png
메르세데스-벤츠 AMG GLE 쿠페,https://search.pstatic.net/common?type=b&size=600&quality=75&direct=true&ttype=input&src=https%3A%2F%2Fimgauto-phinf.pstatic.net%2F20220922_15%2Fauto_16638221812251EESi_PNG%2F20220922134925_U4SoBe9g.png
메르세데스-벤츠 AMG G클래스,https://search.pstatic.net/common?type=b&size=600&quality=75&direct=true&ttype=input&src=https%3A%2F%2Fimgauto-phinf.pstatic.net%2F20220921_124%2Fauto_1663743967262uNpAo_PNG%2F20220921160556_Yct1SS5D.png
KG 모빌리티 토레스,https://search.pstatic.net/common?quality=75&direct=true&src=https%3A%2F%2Fimgauto-phinf.pstatic.net%2F20230102_94%2Fauto_1672632333540H5nuI_PNG%2F20230102130512_7JKofElj.png
렉서스 ES F 스포츠 하이브리드,https://search.pstatic.net/common?type=b&size=600&quality=75&direct=true&ttype=input&src=https%3A%2F%2Fimgauto-phinf.pstatic.net%2F20221230_249%2Fauto_1672361966558Tkdhj_PNG%2F20221230095914_Gu6dZH49.png
BMW 5시리즈,https://search.pstatic.net/common?type=b&size=600&quality=75&direct=true&ttype=input&src=https%3A%2F%2Fimgauto-phinf.pstatic.net%2F20221122_162%2Fauto_1669096814342IonqJ_PNG%2F20221122150002_jEnGGvRG.png
람보르기니 우루스 퍼포만테,https://search.pstatic.net/common?type=b&size=600&quality=75&direct=true&ttype=input&src=https%3A%2F%2Fimgauto-phinf.pstatic.net%2F20220824_246%2Fauto_1661315255798SRDn9_PNG%2F20220824132725_J9S3nuep.png
캐딜락 XT6,https://search.pstatic.net/common?type=b&size=600&quality=75&direct=true&ttype=input&src=https%3A%2F%2Fimgauto-phinf.pstatic.net%2F20221117_198%2Fauto_1668658245556wt8yc_PNG%2F20221117131030_9ew1DZwo.png
폴스타 2,https://search.pstatic.net/common?type=b&size=600&quality=75&direct=true&ttype=input&src=https%3A%2F%2Fimgauto-phinf.pstatic.net%2F20220217_154%2Fauto_1645081497874DzOPU_PNG%2F20220217160456_rm02cLTj.png
벤틀리 플라잉 스퍼,https://search.pstatic.net/common?type=b&size=600&quality=75&direct=true&ttype=input&src=https%3A%2F%2Fimgauto-phinf.pstatic.net%2F20230302_257%2Fauto_1677745891359JO6Yt_PNG%2F20230302173128_Di1IoxUi.png
현대 포레스트,https://search.pstatic.net/common?type=b&size=600&quality=75&direct=true&ttype=input&src=https%3A%2F%2Fimgauto-phinf.pstatic.net%2F20230228_120%2Fauto_1677549664804EVSut_PNG%2F20230228110051_KtLN7Czs.png
제네시스 일렉트리파이드 G80,https://search.pstatic.net/common?quality=75&direct=true&src=https%3A%2F%2Fimgauto-phinf.pstatic.net%2F20221223_280%2Fauto_1671760305243rhjhy_PNG%2F20221223105139_heCNzy3J.png
BMW XM,https://search.pstatic.net/common?type=b&size=600&quality=75&direct=true&ttype=input&src=https%3A%2F%2Fimgauto-phinf.pstatic.net%2F20220929_204%2Fauto_16644255394066E6Dl_PNG%2F20220929132529_m5lylCAg.png
롤스로이스 컬리넌 블랙배지,https://search.pstatic.net/common?type=b&size=600&quality=75&direct=true&ttype=input&src=https%3A%2F%2Fimgauto-phinf.pstatic.net%2F20200904_193%2Fauto_1599199357749ksf7n_PNG%2F20200904150235_ZAkR0wr0.png
볼보 S90 플러그인 하이브리드,https://search.pstatic.net/common?type=b&size=600&quality=75&direct=true&ttype=input&src=https%3A%2F%2Fimgauto-phinf.pstatic.net%2F20220823_212%2Fauto_1661230274652bnw0X_PNG%2F20220823135106_aqGLZ8Kt.png
푸조 508,https://search.pstatic.net/common?type=b&size=600&quality=75&direct=true&ttype=input&src=https%3A%2F%2Fimgauto-phinf.pstatic.net%2F20220120_159%2Fauto_1642641957659Rz0u3_PNG%2F20220120102541_L1oiacvY.png
메르세데스-벤츠 GLE 쿠페 플러그인 하이브리드,https://search.pstatic.net/common?type=b&size=600&quality=75&direct=true&ttype=input&src=https%3A%2F%2Fimgauto-phinf.pstatic.net%2F20220922_72%2Fauto_1663821733380MHP4w_PNG%2F20220922134201_HliTilc6.png
GMC 시에라,https://search.pstatic.net/common?type=b&size=600&quality=75&direct=true&ttype=input&src=https%3A%2F%2Fimgauto-phinf.pstatic.net%2F20220701_243%2Fauto_1656640574408rzp92_PNG%2F20220701105613_wQl6c5Cr.png
레디컬 SR8,https://search.pstatic.net/common?type=b&size=600&quality=75&direct=true&ttype=input&src=https%3A%2F%2Fimgauto-phinf.pstatic.net%2F20211027_107%2Fauto_1635323227109QslKh_PNG%2F20211027172650_DZJ1RDYj.png
미니 컨버터블,https://search.pstatic.net/common?type=b&size=600&quality=75&direct=true&ttype=input&src=https%3A%2F%2Fimgauto-phinf.pstatic.net%2F20230613_97%2Fauto_1686640302773kUXS2_PNG%2F20230613161129_hujX7zlN.png
볼보 S90,https://search.pstatic.net/common?type=b&size=600&quality=75&direct=true&ttype=input&src=https%3A%2F%2Fimgauto-phinf.pstatic.net%2F20220823_81%2Fauto_1661229999746hJBtS_PNG%2F20220823134626_VjBtaS4u.png
마세라티 기블리,https://search.pstatic.net/common?type=b&size=600&quality=75&direct=true&ttype=input&src=https%3A%2F%2Fimgauto-phinf.pstatic.net%2F20220412_222%2Fauto_1649744422391G7FUf_PNG%2F20220412152012_cgt0dpvC.png
포르쉐 카이엔,https://search.pstatic.net/common?type=b&size=600&quality=75&direct=true&ttype=input&src=https%3A%2F%2Fimgauto-phinf.pstatic.net%2F20220712_260%2Fauto_1657591031950yQzVE_PNG%2F20220712105703_XL4hwRDz.png
현대 포터2,https://search.pstatic.net/common?type=b&size=600&quality=75&direct=true&ttype=input&src=https%3A%2F%2Fimgauto-phinf.pstatic.net%2F20230228_100%2Fauto_1677551640437U48cI_PNG%2F20230228113353_KKAS7p6j.png
푸조 e-2008,https://search.pstatic.net/common?type=b&size=600&quality=75&direct=true&ttype=input&src=https%3A%2F%2Fimgauto-phinf.pstatic.net%2F20230224_197%2Fauto_16772198103922oM9w_PNG%2F20230224152319_sZFZWEfB.png
롤스로이스 고스트 EWB,https://search.pstatic.net/common?type=b&size=600&quality=75&direct=true&ttype=input&src=https%3A%2F%2Fimgauto-phinf.pstatic.net%2F20230425_172%2Fauto_1682396812009HGq7A_PNG%2F20230425132637_8NRTlkIU.png
렉서스 RX 플러그인 하이브리드,https://search.pstatic.net/common?type=b&size=600&quality=75&direct=true&ttype=input&src=https%3A%2F%2Fimgauto-phinf.pstatic.net%2F20230621_275%2Fauto_1687313039639FAiz0_PNG%2F20230621110345_C4AcGENE.png
메르세데스-벤츠 AMG GLA클래스,https://search.pstatic.net/common?type=b&size=600&quality=75&direct=true&ttype=input&src=https%3A%2F%2Fimgauto-phinf.pstatic.net%2F20220921_159%2Fauto_1663749838376kPPtz_PNG%2F20220921174348_OQ7fuO9r.png
토요타 캠리,https://search.pstatic.net/common?type=b&size=600&quality=75&direct=true&ttype=input&src=https%3A%2F%2Fimgauto-phinf.pstatic.net%2F20230126_23%2Fauto_1674702560371CXMiL_PNG%2F20230126120910_pYoYSWYF.png
메르세데스-벤츠 GLE클래스 플러그인 하이브리드,https://search.pstatic.net/common?type=b&size=600&quality=75&direct=true&ttype=input&src=https%3A%2F%2Fimgauto-phinf.pstatic.net%2F20220922_98%2Fauto_1663818686235nbXpy_PNG%2F20220922125113_UhKgD0bR.png
렉서스 LS 하이브리드,https://search.pstatic.net/common?type=b&size=600&quality=75&direct=true&ttype=input&src=https%3A%2F%2Fimgauto-phinf.pstatic.net%2F20221230_73%2Fauto_16723671826739zbBH_PNG%2F20221230112612_WKWVhURV.png
KG 모빌리티 코란도 이모션,https://search.pstatic.net/common?type=b&size=600&quality=75&direct=true&ttype=input&src=https%3A%2F%2Fimgauto-phinf.pstatic.net%2F20220110_129%2Fauto_1641773816474n8r2t_PNG%2F20220110091633_Whxi3w6H.png
아우디 A6,https://search.pstatic.net/common?quality=75&direct=true&src=https%3A%2F%2Fimgauto-phinf.pstatic.net%2F20221013_219%2Fauto_1665647353764FfSgc_PNG%2F20221013164907_lYhCNwvj.png
메르세데스-벤츠 A클래스,https://search.pstatic.net/common?type=b&size=600&quality=75&direct=true&ttype=input&src=https%3A%2F%2Fimgauto-phinf.pstatic.net%2F20220921_258%2Fauto_1663744472478IRaMO_PNG%2F20220921161431_UprYrS5x.png
포르쉐 911 타르가,https://search.pstatic.net/common?type=b&size=600&quality=75&direct=true&ttype=input&src=https%3A%2F%2Fimgauto-phinf.pstatic.net%2F20201214_277%2Fauto_1607906957003WexDf_PNG%2F20201214094905_PIoc0Ilk.png
현대 쏘나타 하이브리드,https://search.pstatic.net/common?quality=75&direct=true&src=https%3A%2F%2Fimgauto-phinf.pstatic.net%2F20230503_61%2Fauto_1683080226946BrI4J_PNG%2F20230503111657_mOR3VOgK.png
현대 스타리아 캠퍼,https://search.pstatic.net/common?type=b&size=600&quality=75&direct=true&ttype=input&src=https%3A%2F%2Fimgauto-phinf.pstatic.net%2F20220419_15%2Fauto_1650348846368td6N4_PNG%2F20220419151355_dcsk5yJT.png
메르세데스-벤츠 EQA,https://search.pstatic.net/common?type=b&size=600&quality=75&direct=true&ttype=input&src=https%3A%2F%2Fimgauto-phinf.pstatic.net%2F20230310_40%2Fauto_1678417319166ILTLw_PNG%2F20230310120147_uBJmlobv.png
쉐보레 트랙스 크로스오버,https://search.pstatic.net/common?type=b&size=600&quality=75&direct=true&ttype=input&src=https%3A%2F%2Fimgauto-phinf.pstatic.net%2F20230320_247%2Fauto_1679296001699ecawy_PNG%2F20230320160630_BENrhH6N.png
람보르기니 우루스 S,https://search.pstatic.net/common?type=b&size=600&quality=75&direct=true&ttype=input&src=https%3A%2F%2Fimgauto-phinf.pstatic.net%2F20221114_271%2Fauto_16683888057987pf7D_PNG%2F20221114101956_kLPNhlDY.png
BMW X2,https://search.pstatic.net/common?type=b&size=600&quality=75&direct=true&ttype=input&src=https%3A%2F%2Fimgauto-phinf.pstatic.net%2F20221122_2%2Fauto_16691003014816HqOW_PNG%2F20221122155810_uO1ngecl.png
메르세데스-벤츠 E클래스,https://search.pstatic.net/common?type=b&size=600&quality=75&direct=true&ttype=input&src=https%3A%2F%2Fimgauto-phinf.pstatic.net%2F20220921_191%2Fauto_1663747314731ay67F_PNG%2F20220921170142_kXq5gBhl.png
SS모터스 젤라 EV,https://search.pstatic.net/common?type=b&size=600&quality=75&direct=true&ttype=input&src=https%3A%2F%2Fimgauto-phinf.pstatic.net%2F20220609_105%2Fauto_1654734930848CMCgY_PNG%2F20220609093518_0YYKOiiQ.png
랜드로버 디펜더 110,https://search.pstatic.net/common?type=b&size=600&quality=75&direct=true&ttype=input&src=https%3A%2F%2Fimgauto-phinf.pstatic.net%2F20230306_198%2Fauto_1678091926552k49c9_PNG%2F20230306173845_F1UhJjyd.png
포르쉐 911 카레라 GTS,https://search.pstatic.net/common?type=b&size=600&quality=75&direct=true&ttype=input&src=https%3A%2F%2Fimgauto-phinf.pstatic.net%2F20211220_227%2Fauto_1639968188982k411y_PNG%2F20211220114257_jCIXpv2T.png
포드 레인저 랩터,https://search.pstatic.net/common?type=b&size=600&quality=75&direct=true&ttype=input&src=https%3A%2F%2Fimgauto-phinf.pstatic.net%2F20220222_199%2Fauto_1645515177125EMFpb_PNG%2F20220222163244_oVYpMWrG.png
현대 스타리아,https://search.pstatic.net/common?quality=75&direct=true&src=https%3A%2F%2Fimgauto-phinf.pstatic.net%2F20220812_160%2Fauto_1660265658827OLr6p_PNG%2F20220812095411_c12RLodv.png
아우디 Q3,https://search.pstatic.net/common?quality=75&direct=true&src=https%3A%2F%2Fimgauto-phinf.pstatic.net%2F20221011_167%2Fauto_166545694792290jn2_PNG%2F20221011115541_3HRLMHP8.png
제네시스 GV80,https://search.pstatic.net/common?quality=75&direct=true&src=https%3A%2F%2Fimgauto-phinf.pstatic.net%2F20221123_14%2Fauto_1669168287060eBPyu_PNG%2F20221123105121_QDrSf7vI.png
렉서스 ES 하이브리드,https://search.pstatic.net/common?type=b&size=600&quality=75&direct=true&ttype=input&src=https%3A%2F%2Fimgauto-phinf.pstatic.net%2F20221230_217%2Fauto_1672363825408hPUxr_PNG%2F20221230103013_7AHENIEe.png
폭스바겐 골프,https://search.pstatic.net/common?type=b&size=600&quality=75&direct=true&ttype=input&src=https%3A%2F%2Fimgauto-phinf.pstatic.net%2F20220105_93%2Fauto_1641343978307AkLxg_PNG%2F20220105095246_YMF4IpRh.png
볼보 XC60 플러그인 하이브리드,https://search.pstatic.net/common?type=b&size=600&quality=75&direct=true&ttype=input&src=https%3A%2F%2Fimgauto-phinf.pstatic.net%2F20220823_90%2Fauto_1661230692519YrAMV_PNG%2F20220823135758_kGVQA1pH.png
메르세데스-벤츠 GLS클래스,https://search.pstatic.net/common?type=b&size=600&quality=75&direct=true&ttype=input&src=https%3A%2F%2Fimgauto-phinf.pstatic.net%2F20220922_219%2Fauto_1663819129165O0Gah_PNG%2F20220922125840_dbAxqOJp.png
포르쉐 카이엔 쿠페,https://search.pstatic.net/common?type=b&size=600&quality=75&direct=true&ttype=input&src=https%3A%2F%2Fimgauto-phinf.pstatic.net%2F20220712_220%2Fauto_1657591365583g59G7_PNG%2F20220712110234_2mlc43hI.png
토요타 GR 86,https://search.pstatic.net/common?type=b&size=600&quality=75&direct=true&ttype=input&src=https%3A%2F%2Fimgauto-phinf.pstatic.net%2F20220516_263%2Fauto_1652663133460UyTO8_PNG%2F20220516100520_jjjkvFF8.png
애스턴마틴 발할라,https://search.pstatic.net/common?type=b&size=600&quality=75&direct=true&ttype=input&src=https%3A%2F%2Fimgauto-phinf.pstatic.net%2F20210716_202%2Fauto_1626395878877pLEAp_PNG%2F20210716093756_A2qHiTN0.png
아우디 Q2,https://search.pstatic.net/common?type=b&size=600&quality=75&direct=true&ttype=input&src=https%3A%2F%2Fimgauto-phinf.pstatic.net%2F20230117_266%2Fauto_1673921927368VeSPh_PNG%2F20230117111838_24nfg3pO.png
BMW X5,https://search.pstatic.net/common?type=b&size=600&quality=75&direct=true&ttype=input&src=https%3A%2F%2Fimgauto-phinf.pstatic.net%2F20230208_258%2Fauto_1675828261297QnsIm_PNG%2F20230208125050_RAh9fLeN.png
메르세데스-벤츠 A클래스 세단,https://search.pstatic.net/common?type=b&size=600&quality=75&direct=true&ttype=input&src=https%3A%2F%2Fimgauto-phinf.pstatic.net%2F20220921_33%2Fauto_1663745815754ddCgH_PNG%2F20220921163646_Mwt4UHSy.png
레디컬 SR1,https://search.pstatic.net/common?type=b&size=600&quality=75&direct=true&ttype=input&src=https%3A%2F%2Fimgauto-phinf.pstatic.net%2F20211027_132%2Fauto_1635322665094mIFUY_PNG%2F20211027171731_BGIJtrLZ.png
메르세데스-벤츠 S클래스,https://search.pstatic.net/common?type=b&size=600&quality=75&direct=true&ttype=input&src=https%3A%2F%2Fimgauto-phinf.pstatic.net%2F20220921_70%2Fauto_1663748987116ga7sL_PNG%2F20220921172938_E9f31l3l.png
볼보 XC90,https://search.pstatic.net/common?type=b&size=600&quality=75&direct=true&ttype=input&src=https%3A%2F%2Fimgauto-phinf.pstatic.net%2F20220823_29%2Fauto_1661238976526RFR9i_PNG%2F20220823160019_AFRTr8Up.png
아우디 S3 세단,https://search.pstatic.net/common?type=b&size=600&quality=75&direct=true&ttype=input&src=https%3A%2F%2Fimgauto-phinf.pstatic.net%2F20221223_135%2Fauto_1671759159225HvA37_PNG%2F20221223103227_AF9SKhy5.png
현대 아반떼,https://search.pstatic.net/common?quality=75&direct=true&src=https%3A%2F%2Fimgauto-phinf.pstatic.net%2F20230313_132%2Fauto_1678674748104tlOmU_PNG%2F20230313113221_qrI17LO0.png
현대 스타리아 리무진,https://search.pstatic.net/common?type=b&size=600&quality=75&direct=true&ttype=input&src=https%3A%2F%2Fimgauto-phinf.pstatic.net%2F20220419_2%2Fauto_1650350646186U3b9m_PNG%2F20220419154356_jlOFG20G.png
BMW X3 플러그인 하이브리드,https://search.pstatic.net/common?type=b&size=600&quality=75&direct=true&ttype=input&src=https%3A%2F%2Fimgauto-phinf.pstatic.net%2F20221122_258%2Fauto_16691011506805XEeg_PNG%2F20221122161218_tAgs8jKI.png
미니 클럽맨 JCW,https://search.pstatic.net/common?type=b&size=600&quality=75&direct=true&ttype=input&src=https%3A%2F%2Fimgauto-phinf.pstatic.net%2F20230613_177%2Fauto_1686641262496nRI1g_PNG%2F20230613162733_3YopzXwY.png
디피코 포트로 EV 픽업,https://search.pstatic.net/common?type=b&size=600&quality=75&direct=true&ttype=input&src=https%3A%2F%2Fimgauto-phinf.pstatic.net%2F20220317_129%2Fauto_1647496989032irp7V_PNG%2F20220317150257_PE9XEoqi.png
현대 코나,https://search.pstatic.net/common?quality=75&direct=true&src=https%3A%2F%2Fimgauto-phinf.pstatic.net%2F20230118_266%2Fauto_1674017012198iPtgK_PNG%2F20230118134321_mC0PASX3.png
BMW X3,https://search.pstatic.net/common?type=b&size=600&quality=75&direct=true&ttype=input&src=https%3A%2F%2Fimgauto-phinf.pstatic.net%2F20221122_176%2Fauto_1669100810391z4qeB_PNG%2F20221122160641_hkPTI3wU.png
랜드로버 디펜더 130,https://search.pstatic.net/common?type=b&size=600&quality=75&direct=true&ttype=input&src=https%3A%2F%2Fimgauto-phinf.pstatic.net%2F20230306_199%2Fauto_1678088788792tof2s_PNG%2F20230306164626_WTBbY32p.png
페라리 F8 스파이더,https://search.pstatic.net/common?type=b&size=600&quality=75&direct=true&ttype=input&src=https%3A%2F%2Fimgauto-phinf.pstatic.net%2F20190916_38%2Fauto_1568614360509yR9gN_PNG%2F20190916151225_8wUAit8g.png
기아 K8,https://search.pstatic.net/common?quality=75&direct=true&src=https%3A%2F%2Fimgauto-phinf.pstatic.net%2F20220502_108%2Fauto_1651452860656GbW3c_PNG%2F20220502095414_jwiPC9QC.png
푸조 e-208,https://search.pstatic.net/common?type=b&size=600&quality=75&direct=true&ttype=input&src=https%3A%2F%2Fimgauto-phinf.pstatic.net%2F20230419_41%2Fauto_1681878998380XNhTw_PNG%2F20230419133628_orZ30DzS.png
페라리 296 GTB,https://search.pstatic.net/common?type=b&size=600&quality=75&direct=true&ttype=input&src=https%3A%2F%2Fimgauto-phinf.pstatic.net%2F20210625_261%2Fauto_162460113544022AqV_PNG%2F20210625150523_9Ry8aDCc.png
메르세데스-벤츠 S클래스 플러그인 하이브리드,https://search.pstatic.net/common?type=b&size=600&quality=75&direct=true&ttype=input&src=https%3A%2F%2Fimgauto-phinf.pstatic.net%2F20230210_73%2Fauto_1675991230453xDzyx_PNG%2F20230210100702_DEdFcJV3.png
포르쉐 마칸 GTS,https://search.pstatic.net/common?type=b&size=600&quality=75&direct=true&ttype=input&src=https%3A%2F%2Fimgauto-phinf.pstatic.net%2F20220328_289%2Fauto_16484460829720Ps9G_PNG%2F20220328144113_lcVdIqE5.png
아우디 SQ5 스포트백,https://search.pstatic.net/common?type=b&size=600&quality=75&direct=true&ttype=input&src=https%3A%2F%2Fimgauto-phinf.pstatic.net%2F20230126_178%2Fauto_16747164648357nuSs_PNG%2F20230126160057_pvkNTFbz.png
BMW 2시리즈 액티브 투어러,https://search.pstatic.net/common?type=b&size=600&quality=75&direct=true&ttype=input&src=https%3A%2F%2Fimgauto-phinf.pstatic.net%2F20220804_23%2Fauto_1659584590645AxAqq_PNG%2F20220804124258_Q3QPQsu9.png
미니 컨트리맨 JCW,https://search.pstatic.net/common?type=b&size=600&quality=75&direct=true&ttype=input&src=https%3A%2F%2Fimgauto-phinf.pstatic.net%2F20230613_283%2Fauto_16866410536899kTVK_PNG%2F20230613162406_QIZ3Gfl9.png
현대 팰리세이드,https://search.pstatic.net/common?quality=75&direct=true&src=https%3A%2F%2Fimgauto-phinf.pstatic.net%2F20230602_104%2Fauto_1685665401395i5P83_PNG%2F20230602092311_tWBQl4UD.png
포르쉐 911 카레라 GTS 카브리올레,https://search.pstatic.net/common?type=b&size=600&quality=75&direct=true&ttype=input&src=https%3A%2F%2Fimgauto-phinf.pstatic.net%2F20211220_153%2Fauto_1639968394734GXJ0T_PNG%2F20211220114622_OJ1Ljk5o.png
아우디 A8 L,https://search.pstatic.net/common?type=b&size=600&quality=75&direct=true&ttype=input&src=https%3A%2F%2Fimgauto-phinf.pstatic.net%2F20211103_85%2Fauto_1635916770064JQ3oc_PNG%2F20211103141917_DICWVJtU.png
지프 그랜드 체로키,https://search.pstatic.net/common?type=b&size=600&quality=75&direct=true&ttype=input&src=https%3A%2F%2Fimgauto-phinf.pstatic.net%2F20221216_174%2Fauto_1671168442331T6Shh_PNG%2F20221216142720_xzSPMSYh.png
푸조 2008,https://search.pstatic.net/common?type=b&size=600&quality=75&direct=true&ttype=input&src=https%3A%2F%2Fimgauto-phinf.pstatic.net%2F20230508_297%2Fauto_1683511188977Q1KtT_PNG%2F20230508105939_SEXeEm1o.png
대창모터스 다니고 L,https://search.pstatic.net/common?type=b&size=600&quality=75&direct=true&ttype=input&src=https%3A%2F%2Fimgauto-phinf.pstatic.net%2F20230126_99%2Fauto_16747135277141bUM1_PNG%2F20230126151155_0kfJqz4k.png
메르세데스-벤츠 AMG GLB클래스,https://search.pstatic.net/common?type=b&size=600&quality=75&direct=true&ttype=input&src=https%3A%2F%2Fimgauto-phinf.pstatic.net%2F20220922_198%2Fauto_1663818134539Etg0j_PNG%2F20220922124201_ZkLpTeug.png
메르세데스-벤츠 EQE,https://search.pstatic.net/common?type=b&size=600&quality=75&direct=true&ttype=input&src=https%3A%2F%2Fimgauto-phinf.pstatic.net%2F20220927_7%2Fauto_1664246841793whHpS_PNG%2F20220927114712_dlqRoUei.png
기아 스포티지,https://search.pstatic.net/common?quality=75&direct=true&src=https%3A%2F%2Fimgauto-phinf.pstatic.net%2F20220726_256%2Fauto_1658797081839N8PHl_PNG%2F20220726095754_OO3OVZep.png
로터스 엘리스 S,https://search.pstatic.net/common?type=b&size=600&quality=75&direct=true&ttype=input&src=https%3A%2F%2Fimgauto-phinf.pstatic.net%2F20190930_17%2Fauto_1569821921541gnllg_PNG%2F20190930143823_sftOddPi.png
포드 레인저,https://search.pstatic.net/common?type=b&size=600&quality=75&direct=true&ttype=input&src=https%3A%2F%2Fimgauto-phinf.pstatic.net%2F20211124_73%2Fauto_1637743748591igbvU_PNG%2F20211124174851_T5TJlQh4.png
아우디 A3 세단,https://search.pstatic.net/common?type=b&size=600&quality=75&direct=true&ttype=input&src=https%3A%2F%2Fimgauto-phinf.pstatic.net%2F20221114_215%2Fauto_16684158750896anwS_PNG%2F20221114175106_mXD7dPsR.png
메르세데스-벤츠 CLS클래스,https://search.pstatic.net/common?type=b&size=600&quality=75&direct=true&ttype=input&src=https%3A%2F%2Fimgauto-phinf.pstatic.net%2F20220922_30%2Fauto_1663822644720WuTzx_PNG%2F20220922135715_GhCHHArL.png
대창모터스 다니고 R,https://search.pstatic.net/common?type=b&size=600&quality=75&direct=true&ttype=input&src=https%3A%2F%2Fimgauto-phinf.pstatic.net%2F20230126_200%2Fauto_1674714007702Mt5yI_PNG%2F20230126151954_HbRKqMdR.png
아우디 RSQ8,https://search.pstatic.net/common?quality=75&direct=true&src=https%3A%2F%2Fimgauto-phinf.pstatic.net%2F20221229_108%2Fauto_1672273825976GnbEJ_PNG%2F20221229093019_a1nL98Xl.png
메르세데스-벤츠 AMG EQE,https://search.pstatic.net/common?type=b&size=600&quality=75&direct=true&ttype=input&src=https%3A%2F%2Fimgauto-phinf.pstatic.net%2F20230410_120%2Fauto_1681093958319kMub1_PNG%2F20230410113226_vqeq998M.png
아우디 S8 L,https://search.pstatic.net/common?type=b&size=600&quality=75&direct=true&ttype=input&src=https%3A%2F%2Fimgauto-phinf.pstatic.net%2F20230706_127%2Fauto_1688617199288eDnc2_PNG%2F20230706131947_TkYOr2zB.png
제네시스 GV70,https://search.pstatic.net/common?quality=75&direct=true&src=https%3A%2F%2Fimgauto-phinf.pstatic.net%2F20220412_205%2Fauto_1649749559437YOKYP_PNG%2F20220412164552_y31S5DuF.png
현대 싼타페,https://search.pstatic.net/common?quality=75&direct=true&src=https%3A%2F%2Fimgauto-phinf.pstatic.net%2F20220920_90%2Fauto_1663635598990pw0Go_PNG%2F20220920095951_wS1fL8Hl.png
렉서스 NX F 스포츠 플러그인 하이브리드,https://search.pstatic.net/common?type=b&size=600&quality=75&direct=true&ttype=input&src=https%3A%2F%2Fimgauto-phinf.pstatic.net%2F20210614_265%2Fauto_162365669460952psA_PNG%2F20210614164442_YOp6A38O.png
아우디 Q7,https://search.pstatic.net/common?quality=75&direct=true&src=https%3A%2F%2Fimgauto-phinf.pstatic.net%2F20221229_45%2Fauto_1672273770196CeBWb_PNG%2F20221229092923_MxYcymJH.png
BMW 4시리즈 그란쿠페,https://search.pstatic.net/common?type=b&size=600&quality=75&direct=true&ttype=input&src=https%3A%2F%2Fimgauto-phinf.pstatic.net%2F20230706_198%2Fauto_1688617649576SfX1D_PNG%2F20230706132721_UTw0oCRg.png
메르세데스-벤츠 AMG CLA클래스,https://search.pstatic.net/common?type=b&size=600&quality=75&direct=true&ttype=input&src=https%3A%2F%2Fimgauto-phinf.pstatic.net%2F20220921_173%2Fauto_1663745190995D8wnD_PNG%2F20220921162622_OsKXYaTi.png
메르세데스-벤츠 EQE SUV,https://search.pstatic.net/common?type=b&size=600&quality=75&direct=true&ttype=input&src=https%3A%2F%2Fimgauto-phinf.pstatic.net%2F20221018_105%2Fauto_1666069706744wPvf9_PNG%2F20221018140815_Auhvq7R0.png
